ID,Order Group,Condition,Trial,Reference Stiffness,Test Stiffness,Stiffness Difference (%),Duration (s),Is Catch Trial,Is Correct,Truth Switch Position,Selected Switch Position
1,A,HighReferenceStiffness,1,0.4,0.8,100,194.949,False,True,2,2
1,A,HighReferenceStiffness,2,0.4,0.784,96,66.501,False,True,8,8
1,A,HighReferenceStiffness,3,0.4,0.768,92,35.799,True,True,0,0
1,A,HighReferenceStiffness,4,0.4,0.752,88,199.352,False,False,6,3
1,A,HighReferenceStiffness,5,0.4,0.752,88,94.364,False,True,7,7
1,A,HighReferenceStiffness,6,0.4,0.736,84,54.304,False,True,6,6
1,A,HighReferenceStiffness,7,0.4,0.72,80,61.215,True,True,0,0
1,A,HighReferenceStiffness,8,0.4,0.704,76,69.682,False,True,8,8
1,A,HighReferenceStiffness,9,0.4,0.688,72,258.528,False,True,5,5
1,A,HighReferenceStiffness,10,0.4,0.672,68,163.252,False,True,6,6
1,A,HighReferenceStiffness,11,0.4,0.656,64,13.817,False,False,4,0
1,A,HighReferenceStiffness,12,0.4,0.656,64,107.082,False,True,10,10
1,A,HighReferenceStiffness,13,0.4,0.64,60,15.936,True,True,0,0
1,A,HighReferenceStiffness,14,0.4,0.624,56,53.463,False,True,5,5
1,A,HighReferenceStiffness,15,0.4,0.608,52,162.782,False,True,3,3
1,A,HighReferenceStiffness,16,0.4,0.592,48,45.271,False,True,6,6
1,A,HighReferenceStiffness,17,0.4,0.576,44,70.697,False,True,1,1
1,A,HighReferenceStiffness,18,0.4,0.56,40,271.342,False,True,3,3
1,A,HighReferenceStiffness,19,0.4,0.544,36,48.411,False,False,3,8
1,A,HighReferenceStiffness,20,0.4,0.544,36,19.061,False,False,10,3
1,A,HighReferenceStiffness,21,0.4,0.56,40,45.64,False,False,2,4
1,A,HighReferenceStiffness,22,0.4,0.56,40,65.153,False,False,7,5
1,A,HighReferenceStiffness,23,0.4,0.576,44,20.686,False,False,7,6
1,A,HighReferenceStiffness,24,0.4,0.576,44,20.165,False,False,3,0
1,A,HighReferenceStiffness,25,0.4,0.592,48,49.164,False,True,4,4
1,A,HighReferenceStiffness,26,0.4,0.576,44,37.251,False,False,9,10
1,A,HighReferenceStiffness,27,0.4,0.576,44,84.627,False,True,4,4
1,A,HighReferenceStiffness,28,0.4,0.56,40,128.607,False,True,5,5
1,A,HighReferenceStiffness,29,0.4,0.544,36,33.434,False,False,1,0
1,A,HighReferenceStiffness,30,0.4,0.544,36,66.082,False,False,3,6
1,A,HighReferenceStiffness,31,0.4,0.56,40,16.606,False,False,2,6
1,A,HighReferenceStiffness,32,0.4,0.56,40,102.312,False,False,2,7
1,A,HighReferenceStiffness,33,0.4,0.576,44,11.168,False,False,9,8
1,A,HighReferenceStiffness,34,0.4,0.576,44,34.667,False,False,8,0
1,A,HighReferenceStiffness,35,0.4,0.592,48,18.216,False,False,10,9
1,A,HighReferenceStiffness,36,0.4,0.592,48,30.456,False,False,2,8
1,A,HighReferenceStiffness,37,0.4,0.608,52,40.509,False,False,1,0
1,A,HighReferenceStiffness,38,0.4,0.608,52,92.075,False,True,7,7
1,A,HighReferenceStiffness,39,0.4,0.592,48,46.757,False,False,5,0
1,A,HighReferenceStiffness,40,0.4,0.592,48,35.109,False,False,2,0
1,A,LowReferenceStiffness,1,0.1,0.2,100,49.587,False,True,4,4
1,A,LowReferenceStiffness,2,0.1,0.196,96,31.391,False,True,6,6
1,A,LowReferenceStiffness,3,0.1,0.192,92,14.077,False,True,6,6
1,A,LowReferenceStiffness,4,0.1,0.188,88,10.676,False,False,2,0
1,A,LowReferenceStiffness,5,0.1,0.188,88,18.031,False,True,2,2
1,A,LowReferenceStiffness,6,0.1,0.184,84,26.648,False,True,2,2
1,A,LowReferenceStiffness,7,0.1,0.18,80,22.003,False,True,3,3
1,A,LowReferenceStiffness,8,0.1,0.176,76,15.86,False,True,1,1
1,A,LowReferenceStiffness,9,0.1,0.172,72,37.926,False,True,2,2
1,A,LowReferenceStiffness,10,0.1,0.168,68,47.093,False,True,10,10
1,A,LowReferenceStiffness,11,0.1,0.164,64,16.716,False,False,7,0
1,A,LowReferenceStiffness,12,0.1,0.164,64,37.037,False,True,4,4
1,A,LowReferenceStiffness,13,0.1,0.16,60,23.14,False,False,10,0
1,A,LowReferenceStiffness,14,0.1,0.16,60,15.367,False,True,7,7
1,A,LowReferenceStiffness,15,0.1,0.156,56,40.571,False,True,5,5
1,A,LowReferenceStiffness,16,0.1,0.152,52,22.88,True,True,0,0
1,A,LowReferenceStiffness,17,0.1,0.148,48,47.296,False,True,10,10
1,A,LowReferenceStiffness,18,0.1,0.144,44,124.72,False,True,5,5
1,A,LowReferenceStiffness,19,0.1,0.14,40,39.012,False,True,9,9
1,A,LowReferenceStiffness,20,0.1,0.136,36,141.899,False,True,10,10
1,A,LowReferenceStiffness,21,0.1,0.132,32,26.047,False,False,3,0
1,A,LowReferenceStiffness,22,0.1,0.132,32,74.059,False,False,4,2
1,A,LowReferenceStiffness,23,0.1,0.136,36,48.459,False,False,10,0
1,A,LowReferenceStiffness,24,0.1,0.136,36,48.842,False,False,10,0
1,A,LowReferenceStiffness,25,0.1,0.14,40,43.094,False,True,1,1
1,A,LowReferenceStiffness,26,0.1,0.136,36,137.653,False,False,7,8
1,A,LowReferenceStiffness,27,0.1,0.136,36,51.489,False,False,5,0
1,A,LowReferenceStiffness,28,0.1,0.14,40,54.852,False,False,4,9
1,A,LowReferenceStiffness,29,0.1,0.14,40,41.208,False,False,1,5
1,A,LowReferenceStiffness,30,0.1,0.144,44,111.534,False,False,2,3
1,A,LowReferenceStiffness,31,0.1,0.144,44,43.996,False,True,4,4
1,A,LowReferenceStiffness,32,0.1,0.14,40,98.269,False,True,10,10
1,A,LowReferenceStiffness,33,0.1,0.136,36,107.267,False,True,6,6
1,A,LowReferenceStiffness,34,0.1,0.132,32,46.993,False,False,10,0
1,A,LowReferenceStiffness,35,0.1,0.132,32,247.642,False,False,8,0
2,A,HighReferenceStiffness,1,0.4,0.8,100,84.695,False,False,3,0
2,A,HighReferenceStiffness,2,0.4,0.8,100,52.689,False,True,7,7
2,A,HighReferenceStiffness,3,0.4,0.784,96,50.313,False,True,5,5
2,A,HighReferenceStiffness,4,0.4,0.768,92,14.642,False,True,2,2
2,A,HighReferenceStiffness,5,0.4,0.752,88,73.689,False,True,3,3
2,A,HighReferenceStiffness,6,0.4,0.736,84,45.321,False,False,10,9
2,A,HighReferenceStiffness,7,0.4,0.736,84,41.493,False,True,3,3
2,A,HighReferenceStiffness,8,0.4,0.72,80,51.721,False,True,9,9
2,A,HighReferenceStiffness,9,0.4,0.704,76,28.343,False,True,9,9
2,A,HighReferenceStiffness,10,0.4,0.688,72,50.344,False,True,1,1
2,A,HighReferenceStiffness,11,0.4,0.672,68,42.888,False,True,10,10
2,A,HighReferenceStiffness,12,0.4,0.656,64,24.835,False,True,9,9
2,A,HighReferenceStiffness,13,0.4,0.64,60,17.785,False,True,2,2
2,A,HighReferenceStiffness,14,0.4,0.624,56,22.878,False,True,2,2
2,A,HighReferenceStiffness,15,0.4,0.608,52,18.019,False,True,4,4
2,A,HighReferenceStiffness,16,0.4,0.592,48,140.747,False,False,10,0
2,A,HighReferenceStiffness,17,0.4,0.592,48,86.579,False,True,8,8
2,A,HighReferenceStiffness,18,0.4,0.576,44,126.716,True,True,0,0
2,A,HighReferenceStiffness,19,0.4,0.56,40,47.34,False,True,1,1
2,A,HighReferenceStiffness,20,0.4,0.544,36,73.204,False,True,1,1
2,A,HighReferenceStiffness,21,0.4,0.528,32,95.974,False,True,1,1
2,A,HighReferenceStiffness,22,0.4,0.512,28,55.719,False,True,10,10
2,A,HighReferenceStiffness,23,0.4,0.496,24,116.521,False,False,7,0
2,A,HighReferenceStiffness,24,0.4,0.496,24,174.832,False,False,10,0
2,A,HighReferenceStiffness,25,0.4,0.512,28,36.121,False,True,4,4
2,A,HighReferenceStiffness,26,0.4,0.496,24,172.072,False,False,10,0
2,A,HighReferenceStiffness,27,0.4,0.496,24,96.865,False,False,7,2
2,A,HighReferenceStiffness,28,0.4,0.512,28,37.76,False,True,5,5
2,A,HighReferenceStiffness,29,0.4,0.496,24,55.181,False,False,1,5
2,A,HighReferenceStiffness,30,0.4,0.496,24,73.358,False,False,10,5
2,A,LowReferenceStiffness,1,0.1,0.2,100,64.387,False,False,1,6
2,A,LowReferenceStiffness,2,0.1,0.2,100,10.136,False,True,6,6
2,A,LowReferenceStiffness,3,0.1,0.196,96,9.324,False,True,9,9
2,A,LowReferenceStiffness,4,0.1,0.192,92,24.95,False,True,5,5
2,A,LowReferenceStiffness,5,0.1,0.188,88,7.241,False,True,8,8
2,A,LowReferenceStiffness,6,0.1,0.184,84,16.253,False,True,3,3
2,A,LowReferenceStiffness,7,0.1,0.18,80,15.755,False,True,4,4
2,A,LowReferenceStiffness,8,0.1,0.176,76,11.524,False,True,6,6
2,A,LowReferenceStiffness,9,0.1,0.172,72,7.414,False,True,8,8
2,A,LowReferenceStiffness,10,0.1,0.168,68,21.921,False,True,7,7
2,A,LowReferenceStiffness,11,0.1,0.164,64,48.084,True,True,0,0
2,A,LowReferenceStiffness,12,0.1,0.16,60,31.157,True,False,0,8
2,A,LowReferenceStiffness,13,0.1,0.16,60,20.962,False,False,1,8
2,A,LowReferenceStiffness,14,0.1,0.164,64,11.74,False,True,10,10
2,A,LowReferenceStiffness,15,0.1,0.16,60,63.412,False,True,3,3
2,A,LowReferenceStiffness,16,0.1,0.156,56,14.077,False,True,5,5
2,A,LowReferenceStiffness,17,0.1,0.152,52,13.962,False,True,2,2
2,A,LowReferenceStiffness,18,0.1,0.148,48,68.82,False,False,5,3
2,A,LowReferenceStiffness,19,0.1,0.148,48,29.29,False,False,3,6
2,A,LowReferenceStiffness,20,0.1,0.152,52,30.704,False,True,5,5
2,A,LowReferenceStiffness,21,0.1,0.148,48,21.824,False,False,7,2
2,A,LowReferenceStiffness,22,0.1,0.148,48,46.326,False,False,8,1
3,B,HighReferenceStiffness,1,0.4,0.8,100,100.99,False,False,3,6
3,B,HighReferenceStiffness,2,0.4,0.8,100,42.65,False,False,5,1
3,B,HighReferenceStiffness,3,0.4,0.816,104,47.133,False,False,8,10
3,B,HighReferenceStiffness,4,0.4,0.816,104,46.501,False,True,1,1
3,B,HighReferenceStiffness,5,0.4,0.8,100,48.101,False,False,9,8
3,B,HighReferenceStiffness,6,0.4,0.8,100,55.765,False,False,9,0
3,B,HighReferenceStiffness,7,0.4,0.816,104,30.91,False,True,7,7
3,B,HighReferenceStiffness,8,0.4,0.8,100,61.142,False,False,2,4
3,B,HighReferenceStiffness,9,0.4,0.8,100,20.108,False,False,8,1
3,B,HighReferenceStiffness,10,0.4,0.816,104,36.266,False,True,6,6
3,B,LowReferenceStiffness,1,0.1,0.2,100,40.608,False,False,9,0
3,B,LowReferenceStiffness,2,0.1,0.2,100,87.295,False,False,8,0
3,B,LowReferenceStiffness,3,0.1,0.204,104,91.585,False,True,1,2
3,B,LowReferenceStiffness,4,0.1,0.2,100,73.38,False,True,1,1
3,B,LowReferenceStiffness,5,0.1,0.196,96,29.417,False,False,4,5
3,B,LowReferenceStiffness,6,0.1,0.196,96,38.374,False,False,9,8
3,B,LowReferenceStiffness,7,0.1,0.2,100,40.682,False,False,5,4
3,B,LowReferenceStiffness,8,0.1,0.2,100,37.194,False,False,6,7
3,B,LowReferenceStiffness,9,0.1,0.204,104,62.13,False,False,8,10
3,B,LowReferenceStiffness,10,0.1,0.204,104,52.42,False,False,5,2
3,B,LowReferenceStiffness,11,0.1,0.208,108,25.448,False,False,1,9
3,B,LowReferenceStiffness,12,0.1,0.208,108,27.779,False,True,10,10
3,B,LowReferenceStiffness,13,0.1,0.204,104,86.437,False,False,2,8
3,B,LowReferenceStiffness,14,0.1,0.204,104,31.976,True,False,0,8
3,B,LowReferenceStiffness,15,0.1,0.208,108,22.8,False,False,1,8
3,B,LowReferenceStiffness,16,0.1,0.208,108,12.529,False,True,5,5
4,B,HighReferenceStiffness,1,0.4,0.8,100,41.09,False,True,7,7
4,B,HighReferenceStiffness,2,0.4,0.784,96,37.405,False,True,2,2
4,B,HighReferenceStiffness,3,0.4,0.768,92,29.078,False,True,9,9
4,B,HighReferenceStiffness,4,0.4,0.752,88,26.323,False,True,2,2
4,B,HighReferenceStiffness,5,0.4,0.736,84,18.094,False,True,9,9
4,B,HighReferenceStiffness,6,0.4,0.72,80,36.965,False,True,1,1
4,B,HighReferenceStiffness,7,0.4,0.704,76,57.649,False,False,10,0
4,B,HighReferenceStiffness,8,0.4,0.704,76,38.083,False,True,9,9
4,B,HighReferenceStiffness,9,0.4,0.688,72,41.666,False,True,10,10
4,B,HighReferenceStiffness,10,0.4,0.672,68,59.121,False,True,10,10
4,B,HighReferenceStiffness,11,0.4,0.656,64,36.613,False,True,8,8
4,B,HighReferenceStiffness,12,0.4,0.64,60,19.366,False,True,9,9
4,B,HighReferenceStiffness,13,0.4,0.624,56,23.206,False,True,2,2
4,B,HighReferenceStiffness,14,0.4,0.608,52,17.573,False,True,1,1
4,B,HighReferenceStiffness,15,0.4,0.592,48,50.663,False,False,6,0
4,B,HighReferenceStiffness,16,0.4,0.592,48,55.544,False,True,4,4
4,B,HighReferenceStiffness,17,0.4,0.576,44,32.442,False,True,4,4
4,B,HighReferenceStiffness,18,0.4,0.56,40,39.05,False,True,10,10
4,B,HighReferenceStiffness,19,0.4,0.544,36,19.285,False,True,8,8
4,B,HighReferenceStiffness,20,0.4,0.528,32,43.325,False,True,7,7
4,B,HighReferenceStiffness,21,0.4,0.512,28,20.238,False,True,1,1
4,B,HighReferenceStiffness,22,0.4,0.496,24,29.408,False,False,3,0
4,B,HighReferenceStiffness,23,0.4,0.496,24,43.692,False,False,9,0
4,B,HighReferenceStiffness,24,0.4,0.512,28,26.941,False,True,7,7
4,B,HighReferenceStiffness,25,0.4,0.496,24,43.898,False,False,6,0
4,B,HighReferenceStiffness,26,0.4,0.496,24,32.295,False,False,2,0
4,B,HighReferenceStiffness,27,0.4,0.512,28,27.048,False,True,9,9
4,B,HighReferenceStiffness,28,0.4,0.496,24,29.141,False,False,1,0
4,B,HighReferenceStiffness,29,0.4,0.496,24,40.124,False,False,5,0
4,B,LowReferenceStiffness,1,0.1,0.2,100,140.37,False,True,8,8
4,B,LowReferenceStiffness,2,0.1,0.196,96,83.045,False,True,1,1
4,B,LowReferenceStiffness,3,0.1,0.192,92,41.07,False,True,1,1
4,B,LowReferenceStiffness,4,0.1,0.188,88,32.559,False,True,2,2
4,B,LowReferenceStiffness,5,0.1,0.184,84,45.334,False,True,1,1
4,B,LowReferenceStiffness,6,0.1,0.18,80,36.127,False,True,8,8
4,B,LowReferenceStiffness,7,0.1,0.176,76,63.654,True,True,0,0
4,B,LowReferenceStiffness,8,0.1,0.172,72,27.343,False,False,2,3
4,B,LowReferenceStiffness,9,0.1,0.172,72,46.17,False,True,7,7
4,B,LowReferenceStiffness,10,0.1,0.168,68,66.413,False,True,1,1
4,B,LowReferenceStiffness,11,0.1,0.164,64,26.34,True,True,0,0
4,B,LowReferenceStiffness,12,0.1,0.16,60,102.318,True,True,0,0
4,B,LowReferenceStiffness,13,0.1,0.156,56,58.844,False,True,8,8
4,B,LowReferenceStiffness,14,0.1,0.152,52,98.559,False,False,9,0
4,B,LowReferenceStiffness,15,0.1,0.152,52,52.047,False,False,2,0
4,B,LowReferenceStiffness,16,0.1,0.156,56,50.729,False,False,5,0
4,B,LowReferenceStiffness,17,0.1,0.156,56,60.313,False,False,7,0
4,B,LowReferenceStiffness,18,0.1,0.16,60,48.565,False,True,1,1
4,B,LowReferenceStiffness,19,0.1,0.156,56,36.486,False,True,7,7
4,B,LowReferenceStiffness,20,0.1,0.152,52,44.518,False,True,7,7
4,B,LowReferenceStiffness,21,0.1,0.148,48,59.208,False,False,5,0
4,B,LowReferenceStiffness,22,0.1,0.148,48,53.427,False,False,4,0
4,B,LowReferenceStiffness,23,0.1,0.152,52,82.922,False,True,7,7
4,B,LowReferenceStiffness,24,0.1,0.148,48,38.129,True,True,0,0
4,B,LowReferenceStiffness,25,0.1,0.144,44,60.798,True,True,0,0
4,B,LowReferenceStiffness,26,0.1,0.14,40,65.886,False,True,6,6
4,B,LowReferenceStiffness,27,0.1,0.136,36,50.019,False,False,10,0
4,B,LowReferenceStiffness,28,0.1,0.136,36,45.083,False,False,3,0
5,A,HighReferenceStiffness,1,0.4,0.8,100,71.596,True,True,0,0
5,A,HighReferenceStiffness,2,0.4,0.784,96,27.876,False,True,3,3
5,A,HighReferenceStiffness,3,0.4,0.768,92,29.465,False,True,7,7
5,A,HighReferenceStiffness,4,0.4,0.752,88,41.506,False,False,8,9
5,A,HighReferenceStiffness,5,0.4,0.752,88,110.667,False,False,5,6
5,A,HighReferenceStiffness,6,0.4,0.768,92,58.348,False,True,3,3
5,A,HighReferenceStiffness,7,0.4,0.752,88,94.82,False,False,9,10
5,A,HighReferenceStiffness,8,0.4,0.752,88,85.025,False,False,9,1
5,A,HighReferenceStiffness,9,0.4,0.768,92,73.095,False,True,4,4
5,A,HighReferenceStiffness,10,0.4,0.752,88,48.821,False,True,6,6
5,A,HighReferenceStiffness,11,0.4,0.736,84,100.968,False,False,1,2
5,A,HighReferenceStiffness,12,0.4,0.736,84,73.29,False,False,8,9
5,A,LowReferenceStiffness,1,0.1,0.2,100,39.747,False,True,1,1
5,A,LowReferenceStiffness,2,0.1,0.196,96,31.035,False,True,4,4
5,A,LowReferenceStiffness,3,0.1,0.192,92,64.557,False,True,8,8
5,A,LowReferenceStiffness,4,0.1,0.188,88,55.823,False,False,8,9
5,A,LowReferenceStiffness,5,0.1,0.188,88,60.51,False,False,5,6
5,A,LowReferenceStiffness,6,0.1,0.192,92,40.415,True,True,0,0
5,A,LowReferenceStiffness,7,0.1,0.188,88,76.135,False,False,7,8
5,A,LowReferenceStiffness,8,0.1,0.188,88,56.767,False,False,7,8
5,A,LowReferenceStiffness,9,0.1,0.192,92,105.301,False,True,2,2
5,A,LowReferenceStiffness,10,0.1,0.188,88,50.72,False,True,8,8
5,A,LowReferenceStiffness,11,0.1,0.184,84,55.608,False,True,6,6
5,A,LowReferenceStiffness,12,0.1,0.18,80,78.956,False,True,6,6
5,A,LowReferenceStiffness,13,0.1,0.176,76,54.169,False,True,2,2
5,A,LowReferenceStiffness,14,0.1,0.172,72,40.66,False,True,8,8
5,A,LowReferenceStiffness,15,0.1,0.168,68,103.018,False,True,2,2
5,A,LowReferenceStiffness,16,0.1,0.164,64,48.104,False,True,9,9
5,A,LowReferenceStiffness,17,0.1,0.16,60,29.869,False,True,2,2
5,A,LowReferenceStiffness,18,0.1,0.156,56,38.637,True,True,0,0
5,A,LowReferenceStiffness,19,0.1,0.152,52,99.354,False,True,3,3
5,A,LowReferenceStiffness,20,0.1,0.148,48,124.243,False,False,1,9
5,A,LowReferenceStiffness,21,0.1,0.148,48,33.344,False,True,6,6
5,A,LowReferenceStiffness,22,0.1,0.144,44,94.411,False,True,7,7
5,A,LowReferenceStiffness,23,0.1,0.14,40,113.295,False,False,4,0
5,A,LowReferenceStiffness,24,0.1,0.14,40,62.687,False,True,3,3
5,A,LowReferenceStiffness,25,0.1,0.136,36,57.096,False,False,2,0
5,A,LowReferenceStiffness,26,0.1,0.136,36,142.872,False,True,6,6
5,A,LowReferenceStiffness,27,0.1,0.132,32,82.305,False,False,4,0
5,A,LowReferenceStiffness,28,0.1,0.132,32,106.308,False,False,1,0
6,A,HighReferenceStiffness,1,0.4,0.8,100,71.251,False,True,10,10
6,A,HighReferenceStiffness,2,0.4,0.784,96,66.427,False,True,7,7
6,A,HighReferenceStiffness,3,0.4,0.768,92,62.821,False,True,6,6
6,A,HighReferenceStiffness,4,0.4,0.752,88,51.631,False,True,4,4
6,A,HighReferenceStiffness,5,0.4,0.736,84,40.095,False,True,7,7
6,A,HighReferenceStiffness,6,0.4,0.72,80,127.568,False,False,1,7
6,A,HighReferenceStiffness,7,0.4,0.72,80,48.905,False,True,8,8
6,A,HighReferenceStiffness,8,0.4,0.704,76,115.052,True,True,0,0
6,A,HighReferenceStiffness,9,0.4,0.688,72,49.527,False,True,9,9
6,A,HighReferenceStiffness,10,0.4,0.672,68,61.989,False,True,6,6
6,A,HighReferenceStiffness,11,0.4,0.656,64,35.859,False,True,8,8
6,A,HighReferenceStiffness,12,0.4,0.64,60,48.152,False,True,3,3
6,A,HighReferenceStiffness,13,0.4,0.624,56,169.377,True,False,0,10
6,A,HighReferenceStiffness,14,0.4,0.624,56,40.093,False,True,5,5
6,A,HighReferenceStiffness,15,0.4,0.608,52,40.791,False,True,3,3
6,A,HighReferenceStiffness,16,0.4,0.592,48,32.987,False,True,9,9
6,A,HighReferenceStiffness,17,0.4,0.576,44,38.716,False,True,9,9
6,A,HighReferenceStiffness,18,0.4,0.56,40,48.298,False,True,2,2
6,A,HighReferenceStiffness,19,0.4,0.544,36,45.817,False,True,6,6
6,A,HighReferenceStiffness,20,0.4,0.528,32,46.899,False,True,3,3
6,A,HighReferenceStiffness,21,0.4,0.512,28,64.129,False,True,5,5
6,A,HighReferenceStiffness,22,0.4,0.496,24,68.404,False,True,7,7
6,A,HighReferenceStiffness,23,0.4,0.48,20,97.093,False,False,4,0
6,A,HighReferenceStiffness,24,0.4,0.48,20,39.724,False,True,4,4
6,A,HighReferenceStiffness,25,0.4,0.464,16,29.387,False,True,8,8
6,A,HighReferenceStiffness,26,0.4,0.448,12,87.355,False,False,4,9
6,A,HighReferenceStiffness,27,0.4,0.448,12,57.567,False,False,1,8
6,A,HighReferenceStiffness,28,0.4,0.464,16,45.935,False,True,8,8
6,A,HighReferenceStiffness,29,0.4,0.448,12,42.714,False,True,10,10
6,A,HighReferenceStiffness,30,0.4,0.432,8,79.322,False,False,4,0
6,A,HighReferenceStiffness,31,0.4,0.432,8,66.669,False,False,2,0
6,A,HighReferenceStiffness,32,0.4,0.448,12,93.366,False,False,2,7
6,A,HighReferenceStiffness,33,0.4,0.448,12,74.824,False,False,6,9
6,A,HighReferenceStiffness,34,0.4,0.464,16,122.111,False,False,3,1
6,A,HighReferenceStiffness,35,0.4,0.464,16,53.345,False,False,10,8
6,A,HighReferenceStiffness,36,0.4,0.48,20,89.847,False,False,1,8
6,A,HighReferenceStiffness,37,0.4,0.48,20,73.182,False,False,1,6
6,A,HighReferenceStiffness,38,0.4,0.496,24,56.678,False,True,6,6
6,A,HighReferenceStiffness,39,0.4,0.48,20,40.17,False,False,4,0
6,A,HighReferenceStiffness,40,0.4,0.48,20,38.095,False,True,3,3
6,A,HighReferenceStiffness,41,0.4,0.464,16,60.626,False,True,10,10
6,A,HighReferenceStiffness,42,0.4,0.448,12,69.662,False,False,3,0
6,A,HighReferenceStiffness,43,0.4,0.448,12,89.148,False,False,3,0
6,A,LowReferenceStiffness,1,0.1,0.2,100,30.856,False,True,6,6
6,A,LowReferenceStiffness,2,0.1,0.196,96,34.113,False,True,3,3
6,A,LowReferenceStiffness,3,0.1,0.192,92,18.953,False,True,9,9
6,A,LowReferenceStiffness,4,0.1,0.188,88,13.473,False,True,10,10
6,A,LowReferenceStiffness,5,0.1,0.184,84,37.61,False,True,10,10
6,A,LowReferenceStiffness,6,0.1,0.18,80,28.213,False,True,10,10
6,A,LowReferenceStiffness,7,0.1,0.176,76,22.521,False,True,2,2
6,A,LowReferenceStiffness,8,0.1,0.172,72,20.354,False,True,9,9
6,A,LowReferenceStiffness,9,0.1,0.168,68,41.792,False,True,9,9
6,A,LowReferenceStiffness,10,0.1,0.164,64,45.11,False,False,2,0
6,A,LowReferenceStiffness,11,0.1,0.164,64,23.357,False,True,8,8
6,A,LowReferenceStiffness,12,0.1,0.16,60,23.808,False,True,4,4
6,A,LowReferenceStiffness,13,0.1,0.156,56,25.406,False,True,4,4
6,A,LowReferenceStiffness,14,0.1,0.152,52,65.258,False,True,4,4
6,A,LowReferenceStiffness,15,0.1,0.148,48,43.457,False,True,1,1
6,A,LowReferenceStiffness,16,0.1,0.144,44,42.264,False,False,1,0
6,A,LowReferenceStiffness,17,0.1,0.144,44,32.572,False,True,7,7
6,A,LowReferenceStiffness,18,0.1,0.14,40,46.204,False,False,3,0
6,A,LowReferenceStiffness,19,0.1,0.14,40,103.646,True,True,0,0
6,A,LowReferenceStiffness,20,0.1,0.136,36,45.784,False,False,2,3
6,A,LowReferenceStiffness,21,0.1,0.136,36,50.856,False,False,2,0
6,A,LowReferenceStiffness,22,0.1,0.14,40,17.452,False,True,4,4
6,A,LowReferenceStiffness,23,0.1,0.136,36,54.876,False,False,5,0
6,A,LowReferenceStiffness,24,0.1,0.136,36,58.102,False,False,4,10
6,A,LowReferenceStiffness,25,0.1,0.14,40,28.886,False,True,6,6
6,A,LowReferenceStiffness,26,0.1,0.136,36,45.854,False,False,1,0
6,A,LowReferenceStiffness,27,0.1,0.136,36,43.293,False,False,1,0
7,B,HighReferenceStiffness,1,0.4,0.8,100,28.837,False,True,10,10
7,B,HighReferenceStiffness,2,0.4,0.784,96,32.215,False,True,10,10
7,B,HighReferenceStiffness,3,0.4,0.768,92,4.935,False,False,6,10
7,B,HighReferenceStiffness,4,0.4,0.768,92,29.561,False,True,6,6
7,B,HighReferenceStiffness,5,0.4,0.752,88,17.855,False,True,9,9
7,B,HighReferenceStiffness,6,0.4,0.736,84,31.836,False,True,1,1
7,B,HighReferenceStiffness,7,0.4,0.72,80,56.747,False,True,6,6
7,B,HighReferenceStiffness,8,0.4,0.704,76,59.813,False,True,10,10
7,B,HighReferenceStiffness,9,0.4,0.688,72,60.935,False,False,8,0
7,B,HighReferenceStiffness,10,0.4,0.688,72,78.532,False,False,4,0
7,B,HighReferenceStiffness,11,0.4,0.704,76,18.651,False,True,8,8
7,B,HighReferenceStiffness,12,0.4,0.688,72,75.504,False,False,4,0
7,B,HighReferenceStiffness,13,0.4,0.688,72,43.013,False,True,6,6
7,B,HighReferenceStiffness,14,0.4,0.672,68,41.07,False,True,3,3
7,B,HighReferenceStiffness,15,0.4,0.656,64,27.303,False,True,4,4
7,B,HighReferenceStiffness,16,0.4,0.64,60,34.945,False,True,5,5
7,B,HighReferenceStiffness,17,0.4,0.624,56,104.333,False,False,3,5
7,B,HighReferenceStiffness,18,0.4,0.624,56,31.332,False,True,9,9
7,B,HighReferenceStiffness,19,0.4,0.608,52,46.55,False,True,5,5
7,B,HighReferenceStiffness,20,0.4,0.592,48,60.774,False,False,7,0
7,B,HighReferenceStiffness,21,0.4,0.592,48,61.583,False,True,4,4
7,B,HighReferenceStiffness,22,0.4,0.576,44,36.375,False,True,6,6
7,B,HighReferenceStiffness,23,0.4,0.56,40,86.724,False,False,3,0
7,B,HighReferenceStiffness,24,0.4,0.56,40,62.547,False,False,9,10
7,B,HighReferenceStiffness,25,0.4,0.576,44,41.244,False,True,2,2
7,B,HighReferenceStiffness,26,0.4,0.56,40,58.261,False,True,4,4
7,B,HighReferenceStiffness,27,0.4,0.544,36,47.191,False,False,2,0
7,B,HighReferenceStiffness,28,0.4,0.544,36,53.823,False,False,3,7
7,B,LowReferenceStiffness,1,0.1,0.2,100,49.649,False,True,4,4
7,B,LowReferenceStiffness,2,0.1,0.196,96,15.689,False,True,9,9
7,B,LowReferenceStiffness,3,0.1,0.192,92,38.814,False,True,4,4
7,B,LowReferenceStiffness,4,0.1,0.188,88,33.935,False,True,4,4
7,B,LowReferenceStiffness,5,0.1,0.184,84,48.259,False,True,5,5
7,B,LowReferenceStiffness,6,0.1,0.18,80,52.792,False,True,5,5
7,B,LowReferenceStiffness,7,0.1,0.176,76,57.708,True,True,0,0
7,B,LowReferenceStiffness,8,0.1,0.172,72,50.594,False,True,2,2
7,B,LowReferenceStiffness,9,0.1,0.168,68,66.107,False,False,4,0
7,B,LowReferenceStiffness,10,0.1,0.172,72,49.846,False,True,10,10
7,B,LowReferenceStiffness,11,0.1,0.168,68,76.142,False,True,4,4
7,B,LowReferenceStiffness,12,0.1,0.164,64,68.276,False,True,2,2
7,B,LowReferenceStiffness,13,0.1,0.16,60,27.919,False,True,6,6
7,B,LowReferenceStiffness,14,0.1,0.156,56,54.008,False,False,2,0
7,B,LowReferenceStiffness,15,0.1,0.16,60,47.059,False,True,9,9
7,B,LowReferenceStiffness,16,0.1,0.156,56,52.038,False,False,7,1
7,B,LowReferenceStiffness,17,0.1,0.16,60,48.355,False,True,5,5
7,B,LowReferenceStiffness,18,0.1,0.156,56,23.522,False,True,10,10
7,B,LowReferenceStiffness,19,0.1,0.152,52,41.481,False,False,4,0
7,B,LowReferenceStiffness,20,0.1,0.156,56,43.678,False,True,6,6
7,B,LowReferenceStiffness,21,0.1,0.152,52,41.408,False,False,1,0
7,B,LowReferenceStiffness,22,0.1,0.152,52,54.164,False,False,7,0
7,B,LowReferenceStiffness,23,0.1,0.156,56,44.191,False,False,5,0
7,B,LowReferenceStiffness,24,0.1,0.156,56,66.065,False,True,10,10
7,B,LowReferenceStiffness,25,0.1,0.152,52,53.162,False,False,7,0
7,B,LowReferenceStiffness,26,0.1,0.152,52,41.559,False,False,4,0
7,B,LowReferenceStiffness,27,0.1,0.156,56,64.109,False,False,8,0
7,B,LowReferenceStiffness,28,0.1,0.156,56,79.324,False,False,3,0
7,B,LowReferenceStiffness,29,0.1,0.16,60,70.47,False,False,7,0
7,B,LowReferenceStiffness,30,0.1,0.16,60,32.393,False,True,7,7
7,B,LowReferenceStiffness,31,0.1,0.156,56,51.865,False,True,2,2
7,B,LowReferenceStiffness,32,0.1,0.152,52,25.496,False,True,9,9
7,B,LowReferenceStiffness,33,0.1,0.148,48,42.814,False,False,3,0
7,B,LowReferenceStiffness,34,0.1,0.148,48,37.992,False,True,4,4
7,B,LowReferenceStiffness,35,0.1,0.144,44,30.959,False,True,5,5
7,B,LowReferenceStiffness,36,0.1,0.14,40,25.213,False,True,7,7
7,B,LowReferenceStiffness,37,0.1,0.136,36,32.505,False,False,1,0
7,B,LowReferenceStiffness,38,0.1,0.136,36,64.127,False,True,7,7
7,B,LowReferenceStiffness,39,0.1,0.132,32,34.815,False,False,6,0
7,B,LowReferenceStiffness,40,0.1,0.132,32,33.63,False,False,3,0
8,B,HighReferenceStiffness,1,0.4,0.8,100,256.595,False,True,10,10
8,B,HighReferenceStiffness,2,0.4,0.784,96,29.963,False,True,8,8
8,B,HighReferenceStiffness,3,0.4,0.768,92,122.123,True,True,0,0
8,B,HighReferenceStiffness,4,0.4,0.752,88,111.24,False,False,6,0
8,B,HighReferenceStiffness,5,0.4,0.752,88,61.12,False,False,4,0
8,B,HighReferenceStiffness,6,0.4,0.768,92,95.855,False,False,3,0
8,B,HighReferenceStiffness,7,0.4,0.768,92,109.912,True,False,0,5
8,B,HighReferenceStiffness,8,0.4,0.784,96,55.027,False,False,3,5
8,B,HighReferenceStiffness,9,0.4,0.784,96,13.25,False,False,1,0
8,B,HighReferenceStiffness,10,0.4,0.8,100,64.463,False,False,8,0
8,B,HighReferenceStiffness,11,0.4,0.8,100,136.156,False,True,8,8
8,B,HighReferenceStiffness,12,0.4,0.784,96,36.192,False,True,6,6
8,B,HighReferenceStiffness,13,0.4,0.768,92,34.689,False,True,3,3
8,B,HighReferenceStiffness,14,0.4,0.752,88,50.853,False,True,1,1
8,B,HighReferenceStiffness,15,0.4,0.736,84,25.593,False,True,6,6
8,B,HighReferenceStiffness,16,0.4,0.72,80,38.137,False,False,9,8
8,B,HighReferenceStiffness,17,0.4,0.72,80,38.277,False,True,8,8
8,B,HighReferenceStiffness,18,0.4,0.704,76,77.272,False,False,5,6
8,B,HighReferenceStiffness,19,0.4,0.704,76,82.82,False,False,9,0
8,B,HighReferenceStiffness,20,0.4,0.72,80,50.415,False,False,3,4
8,B,HighReferenceStiffness,21,0.4,0.72,80,28.443,False,True,3,3
8,B,HighReferenceStiffness,22,0.4,0.704,76,37.041,False,True,4,4
8,B,HighReferenceStiffness,23,0.4,0.688,72,41.696,False,False,5,6
8,B,HighReferenceStiffness,24,0.4,0.688,72,42.951,False,False,6,7
8,B,LowReferenceStiffness,1,0.1,0.2,100,53.555,False,True,4,4
8,B,LowReferenceStiffness,2,0.1,0.196,96,28.781,False,True,6,6
8,B,LowReferenceStiffness,3,0.1,0.192,92,124.398,True,True,0,11
8,B,LowReferenceStiffness,4,0.1,0.188,88,57.082,False,False,6,1
8,B,LowReferenceStiffness,5,0.1,0.188,88,98.378,False,True,5,5
8,B,LowReferenceStiffness,6,0.1,0.184,84,84.531,False,True,1,1
8,B,LowReferenceStiffness,7,0.1,0.18,80,134.315,False,True,9,9
8,B,LowReferenceStiffness,8,0.1,0.176,76,39.927,False,True,3,3
8,B,LowReferenceStiffness,9,0.1,0.172,72,56.465,False,True,2,2
8,B,LowReferenceStiffness,10,0.1,0.168,68,51.987,False,True,5,5
8,B,LowReferenceStiffness,11,0.1,0.164,64,161.643,False,False,10,0
8,B,LowReferenceStiffness,12,0.1,0.164,64,122.21,False,True,6,6
8,B,LowReferenceStiffness,13,0.1,0.16,60,172.314,False,True,6,6
8,B,LowReferenceStiffness,14,0.1,0.156,56,62.691,False,True,5,5
8,B,LowReferenceStiffness,15,0.1,0.152,52,108.826,False,True,9,9
8,B,LowReferenceStiffness,16,0.1,0.148,48,147.585,False,True,8,8
8,B,LowReferenceStiffness,17,0.1,0.144,44,38.434,False,True,3,3
8,B,LowReferenceStiffness,18,0.1,0.14,40,126.647,False,True,5,5
8,B,LowReferenceStiffness,19,0.1,0.136,36,105.912,False,False,9,0
8,B,LowReferenceStiffness,20,0.1,0.136,36,100.351,False,False,8,0
8,B,LowReferenceStiffness,21,0.1,0.14,40,109.705,False,True,3,3
8,B,LowReferenceStiffness,22,0.1,0.136,36,108.281,False,False,10,8
8,B,LowReferenceStiffness,23,0.1,0.136,36,57.996,False,False,9,0
8,B,LowReferenceStiffness,24,0.1,0.14,40,98.504,False,False,5,0
8,B,LowReferenceStiffness,25,0.1,0.14,40,133.038,False,True,5,5
8,B,LowReferenceStiffness,26,0.1,0.136,36,88.953,False,True,3,3
8,B,LowReferenceStiffness,27,0.1,0.132,32,56.185,False,False,3,0
8,B,LowReferenceStiffness,28,0.1,0.132,32,71.076,False,False,6,0
9,B,HighReferenceStiffness,1,0.4,0.8,100,49.979,False,True,9,9
9,B,HighReferenceStiffness,2,0.4,0.784,96,26.574,False,True,3,3
9,B,HighReferenceStiffness,3,0.4,0.768,92,11.623,False,True,8,8
9,B,HighReferenceStiffness,4,0.4,0.752,88,13.002,False,True,7,7
9,B,HighReferenceStiffness,5,0.4,0.736,84,50.85,True,False,0,8
9,B,HighReferenceStiffness,6,0.4,0.736,84,37.109,False,True,2,2
9,B,HighReferenceStiffness,7,0.4,0.72,80,61.491,True,False,0,8
9,B,HighReferenceStiffness,8,0.4,0.72,80,34.159,False,True,7,7
9,B,HighReferenceStiffness,9,0.4,0.704,76,28.403,False,True,5,5
9,B,HighReferenceStiffness,10,0.4,0.688,72,30.485,False,True,3,3
9,B,HighReferenceStiffness,11,0.4,0.672,68,50.388,False,True,2,2
9,B,HighReferenceStiffness,12,0.4,0.656,64,27.449,False,True,8,8
9,B,HighReferenceStiffness,13,0.4,0.64,60,37.555,False,True,3,3
9,B,HighReferenceStiffness,14,0.4,0.624,56,33.933,False,True,8,8
9,B,HighReferenceStiffness,15,0.4,0.608,52,25.205,False,True,7,7
9,B,HighReferenceStiffness,16,0.4,0.592,48,51.997,False,False,1,0
9,B,HighReferenceStiffness,17,0.4,0.592,48,60.099,False,False,1,0
9,B,HighReferenceStiffness,18,0.4,0.608,52,26.894,False,True,9,9
9,B,HighReferenceStiffness,19,0.4,0.592,48,26.961,False,True,6,6
9,B,HighReferenceStiffness,20,0.4,0.576,44,77.989,False,False,10,0
9,B,HighReferenceStiffness,21,0.4,0.576,44,29.423,False,True,2,2
9,B,HighReferenceStiffness,22,0.4,0.56,40,59.665,False,True,6,6
9,B,HighReferenceStiffness,23,0.4,0.544,36,30.066,False,True,7,7
9,B,HighReferenceStiffness,24,0.4,0.528,32,37.899,False,True,6,6
9,B,HighReferenceStiffness,25,0.4,0.512,28,125.707,False,False,1,8
9,B,HighReferenceStiffness,26,0.4,0.512,28,57.005,False,False,1,8
9,B,HighReferenceStiffness,27,0.4,0.528,32,49.809,False,True,9,9
9,B,HighReferenceStiffness,28,0.4,0.512,28,37.674,False,True,6,6
9,B,HighReferenceStiffness,29,0.4,0.496,24,69.475,False,True,7,7
9,B,HighReferenceStiffness,30,0.4,0.48,20,32.762,False,False,5,8
9,B,HighReferenceStiffness,31,0.4,0.48,20,30.129,False,False,5,0
9,B,LowReferenceStiffness,1,0.1,0.2,100,22.075,False,True,8,8
9,B,LowReferenceStiffness,2,0.1,0.196,96,15.073,False,True,8,8
9,B,LowReferenceStiffness,3,0.1,0.192,92,13.095,False,True,5,5
9,B,LowReferenceStiffness,4,0.1,0.188,88,13.489,False,True,7,7
9,B,LowReferenceStiffness,5,0.1,0.184,84,18.613,False,True,9,9
9,B,LowReferenceStiffness,6,0.1,0.18,80,27.856,False,False,10,0
9,B,LowReferenceStiffness,7,0.1,0.18,80,28.027,True,True,0,0
9,B,LowReferenceStiffness,8,0.1,0.176,76,18.38,False,True,5,5
9,B,LowReferenceStiffness,9,0.1,0.172,72,49.611,True,True,0,0
9,B,LowReferenceStiffness,10,0.1,0.168,68,43.842,True,False,0,9
9,B,LowReferenceStiffness,11,0.1,0.168,68,24.66,False,True,4,4
9,B,LowReferenceStiffness,12,0.1,0.164,64,15.091,False,True,7,7
9,B,LowReferenceStiffness,13,0.1,0.16,60,19.335,False,True,4,4
9,B,LowReferenceStiffness,14,0.1,0.156,56,37.26,False,True,3,3
9,B,LowReferenceStiffness,15,0.1,0.152,52,62.179,False,False,10,7
9,B,LowReferenceStiffness,16,0.1,0.152,52,54.291,False,True,3,3
9,B,LowReferenceStiffness,17,0.1,0.148,48,49.956,False,False,10,9
9,B,LowReferenceStiffness,18,0.1,0.148,48,32.335,False,True,3,3
9,B,LowReferenceStiffness,19,0.1,0.144,44,48.506,False,False,8,0
9,B,LowReferenceStiffness,20,0.1,0.144,44,38.97,False,False,2,0
9,B,LowReferenceStiffness,21,0.1,0.148,48,41.089,True,False,0,6
9,B,LowReferenceStiffness,22,0.1,0.148,48,48.529,False,False,2,7
9,B,LowReferenceStiffness,23,0.1,0.152,52,28.612,False,False,3,0
9,B,LowReferenceStiffness,24,0.1,0.152,52,54.976,False,False,7,0
9,B,LowReferenceStiffness,25,0.1,0.156,56,90.413,False,False,10,7
9,B,LowReferenceStiffness,26,0.1,0.156,56,31.793,True,False,0,6
9,B,LowReferenceStiffness,27,0.1,0.16,60,123.038,False,True,1,1
9,B,LowReferenceStiffness,28,0.1,0.156,56,31.113,False,True,4,4
9,B,LowReferenceStiffness,29,0.1,0.152,52,24.698,False,True,2,2
9,B,LowReferenceStiffness,30,0.1,0.148,48,36.379,False,False,9,0
9,B,LowReferenceStiffness,31,0.1,0.148,48,51.631,False,True,10,10
9,B,LowReferenceStiffness,32,0.1,0.144,44,43.813,False,False,7,0
9,B,LowReferenceStiffness,33,0.1,0.144,44,29.731,False,True,1,1
9,B,LowReferenceStiffness,34,0.1,0.14,40,35.873,False,True,7,7
9,B,LowReferenceStiffness,35,0.1,0.136,36,34.281,False,False,5,4
9,B,LowReferenceStiffness,36,0.1,0.136,36,59.681,False,False,8,2
9,B,LowReferenceStiffness,37,0.1,0.14,40,46.845,False,False,5,2
9,B,LowReferenceStiffness,38,0.1,0.14,40,43.486,False,False,10,0
9,B,LowReferenceStiffness,39,0.1,0.144,44,24.968,False,True,10,10
9,B,LowReferenceStiffness,40,0.1,0.14,40,50.571,False,False,7,0
9,B,LowReferenceStiffness,41,0.1,0.14,40,29.284,False,True,4,4
9,B,LowReferenceStiffness,42,0.1,0.136,36,65.14,False,False,2,0
9,B,LowReferenceStiffness,43,0.1,0.136,36,36.043,False,True,8,8
9,B,LowReferenceStiffness,44,0.1,0.132,32,38.873,False,True,9,9
9,B,LowReferenceStiffness,45,0.1,0.128,28,40.78,False,False,9,0
9,B,LowReferenceStiffness,46,0.1,0.128,28,54.993,False,False,3,2
10,B,HighReferenceStiffness,1,0.4,0.8,100,77.352,False,True,6,6
10,B,HighReferenceStiffness,2,0.4,0.784,96,99.844,True,True,0,0
10,B,HighReferenceStiffness,3,0.4,0.768,92,32.759,False,True,4,4
10,B,HighReferenceStiffness,4,0.4,0.752,88,29.124,False,True,5,5
10,B,HighReferenceStiffness,5,0.4,0.736,84,21.956,False,True,9,9
10,B,HighReferenceStiffness,6,0.4,0.72,80,73.34,False,False,5,6
10,B,HighReferenceStiffness,7,0.4,0.72,80,83.438,False,True,3,3
10,B,HighReferenceStiffness,8,0.4,0.704,76,31.302,False,True,5,5
10,B,HighReferenceStiffness,9,0.4,0.688,72,66.559,False,False,2,4
10,B,HighReferenceStiffness,10,0.4,0.688,72,46.954,False,True,3,3
10,B,HighReferenceStiffness,11,0.4,0.672,68,21.484,False,True,8,8
10,B,HighReferenceStiffness,12,0.4,0.656,64,26.78,False,True,6,6
10,B,HighReferenceStiffness,13,0.4,0.64,60,29.51,False,True,4,4
10,B,HighReferenceStiffness,14,0.4,0.624,56,40.271,False,True,2,2
10,B,HighReferenceStiffness,15,0.4,0.608,52,26.964,False,True,1,1
10,B,HighReferenceStiffness,16,0.4,0.592,48,23.876,False,True,6,6
10,B,HighReferenceStiffness,17,0.4,0.576,44,74.992,True,True,0,0
10,B,HighReferenceStiffness,18,0.4,0.56,40,68.114,False,True,10,10
10,B,HighReferenceStiffness,19,0.4,0.544,36,32.723,False,True,3,3
10,B,HighReferenceStiffness,20,0.4,0.528,32,36.3,False,True,4,4
10,B,HighReferenceStiffness,21,0.4,0.512,28,29.032,False,True,3,3
10,B,HighReferenceStiffness,22,0.4,0.496,24,85.341,False,False,10,0
10,B,HighReferenceStiffness,23,0.4,0.496,24,65.186,False,False,1,0
10,B,HighReferenceStiffness,24,0.4,0.512,28,35.935,False,True,3,3
10,B,HighReferenceStiffness,25,0.4,0.496,24,79.903,False,False,10,0
10,B,HighReferenceStiffness,26,0.4,0.496,24,56.325,False,False,3,0
10,B,HighReferenceStiffness,27,0.4,0.512,28,51.39,False,True,2,2
10,B,HighReferenceStiffness,28,0.4,0.496,24,68.577,False,False,10,0
10,B,HighReferenceStiffness,29,0.4,0.496,24,46.77,True,True,0,0
10,B,HighReferenceStiffness,30,0.4,0.48,20,49.272,False,False,10,0
10,B,HighReferenceStiffness,31,0.4,0.48,20,62.572,True,True,0,0
10,B,HighReferenceStiffness,32,0.4,0.464,16,56.182,False,False,4,0
10,B,HighReferenceStiffness,33,0.4,0.464,16,55.527,False,False,1,0
10,B,LowReferenceStiffness,1,0.1,0.2,100,89.109,False,True,9,9
10,B,LowReferenceStiffness,2,0.1,0.196,96,56.175,False,True,10,10
10,B,LowReferenceStiffness,3,0.1,0.192,92,66.874,False,True,7,7
10,B,LowReferenceStiffness,4,0.1,0.188,88,28.073,False,True,9,9
10,B,LowReferenceStiffness,5,0.1,0.184,84,25.808,False,True,7,7
10,B,LowReferenceStiffness,6,0.1,0.18,80,44.97,False,False,4,9
10,B,LowReferenceStiffness,7,0.1,0.18,80,15.033,False,True,9,9
10,B,LowReferenceStiffness,8,0.1,0.176,76,37.201,False,True,2,2
10,B,LowReferenceStiffness,9,0.1,0.172,72,58.588,False,False,8,0
10,B,LowReferenceStiffness,10,0.1,0.172,72,111.619,False,False,2,6
10,B,LowReferenceStiffness,11,0.1,0.176,76,95.949,False,False,4,3
10,B,LowReferenceStiffness,12,0.1,0.176,76,110.143,False,True,6,6
10,B,LowReferenceStiffness,13,0.1,0.172,72,36.028,False,False,3,6
10,B,LowReferenceStiffness,14,0.1,0.172,72,55.425,False,False,2,3
10,B,LowReferenceStiffness,15,0.1,0.176,76,50.983,False,True,7,7
10,B,LowReferenceStiffness,16,0.1,0.172,72,41.019,False,True,10,10
10,B,LowReferenceStiffness,17,0.1,0.168,68,58.33,False,True,2,2
10,B,LowReferenceStiffness,18,0.1,0.164,64,50.467,False,True,5,5
10,B,LowReferenceStiffness,19,0.1,0.16,60,56.982,False,True,5,5
10,B,LowReferenceStiffness,20,0.1,0.156,56,78.939,False,False,5,1
10,B,LowReferenceStiffness,21,0.1,0.156,56,6.676,False,True,8,8
10,B,LowReferenceStiffness,22,0.1,0.152,52,41.597,False,True,4,4
10,B,LowReferenceStiffness,23,0.1,0.148,48,40.938,False,True,3,3
10,B,LowReferenceStiffness,24,0.1,0.144,44,54.013,False,True,2,2
10,B,LowReferenceStiffness,25,0.1,0.14,40,85.936,False,True,1,1
10,B,LowReferenceStiffness,26,0.1,0.136,36,108.223,False,True,4,4
10,B,LowReferenceStiffness,27,0.1,0.132,32,123.073,False,True,3,3
10,B,LowReferenceStiffness,28,0.1,0.128,28,75.969,False,True,1,1
10,B,LowReferenceStiffness,29,0.1,0.124,24,55.645,False,False,4,1
10,B,LowReferenceStiffness,30,0.1,0.124,24,57.327,False,False,5,0
11,A,HighReferenceStiffness,1,0.4,0.8,100,180.218,False,True,1,1
11,A,HighReferenceStiffness,2,0.4,0.784,96,475.202,False,True,10,4
11,A,HighReferenceStiffness,3,0.4,0.768,92,165.123,False,True,10,10
11,A,HighReferenceStiffness,4,0.4,0.752,88,137.905,False,False,1,0
11,A,HighReferenceStiffness,5,0.4,0.752,88,72.42,False,True,2,2
11,A,HighReferenceStiffness,6,0.4,0.736,84,206.361,False,True,1,1
11,A,HighReferenceStiffness,7,0.4,0.72,80,695.035,False,True,4,4
11,A,HighReferenceStiffness,8,0.4,0.704,76,243.906,True,True,0,0
11,A,HighReferenceStiffness,9,0.4,0.688,72,472.571,False,False,4,0
11,A,HighReferenceStiffness,10,0.4,0.688,72,104.329,False,True,4,4
11,A,HighReferenceStiffness,11,0.4,0.672,68,418.005,False,True,3,3
11,A,HighReferenceStiffness,12,0.4,0.656,64,101.742,False,False,10,5
11,A,HighReferenceStiffness,13,0.4,0.656,64,302.397,False,False,10,9
11,A,HighReferenceStiffness,14,0.4,0.672,68,179.169,False,False,3,0
11,A,HighReferenceStiffness,15,0.4,0.672,68,93.196,False,True,6,6
11,A,HighReferenceStiffness,16,0.4,0.656,64,93.738,False,True,5,5
11,A,HighReferenceStiffness,17,0.4,0.64,60,49.138,False,False,1,4
11,A,HighReferenceStiffness,18,0.4,0.64,60,49.712,False,False,1,3
11,A,HighReferenceStiffness,19,0.4,0.656,64,155.675,False,False,1,5
11,A,HighReferenceStiffness,20,0.4,0.656,64,62.869,False,False,10,2
11,A,HighReferenceStiffness,21,0.4,0.672,68,80.518,False,False,7,0
11,A,HighReferenceStiffness,22,0.4,0.672,68,44.891,False,False,5,4
11,A,HighReferenceStiffness,23,0.4,0.688,72,100.529,False,False,6,7
11,A,HighReferenceStiffness,24,0.4,0.688,72,64.989,False,False,6,1
11,A,HighReferenceStiffness,25,0.4,0.704,76,184.199,False,False,10,4
11,A,HighReferenceStiffness,26,0.4,0.704,76,104.345,False,True,10,10
11,A,HighReferenceStiffness,27,0.4,0.688,72,207.357,False,False,4,0
11,A,HighReferenceStiffness,28,0.4,0.688,72,95.666,False,False,4,8
11,A,LowReferenceStiffness,1,0.1,0.2,100,444.339,False,True,4,4
11,A,LowReferenceStiffness,2,0.1,0.196,96,45.181,False,True,7,7
11,A,LowReferenceStiffness,3,0.1,0.192,92,138.541,False,True,3,3
11,A,LowReferenceStiffness,4,0.1,0.188,88,162.399,False,True,4,4
11,A,LowReferenceStiffness,5,0.1,0.184,84,142.234,True,False,0,5
11,A,LowReferenceStiffness,6,0.1,0.184,84,100.684,False,False,8,6
11,A,LowReferenceStiffness,7,0.1,0.188,88,51.804,False,True,8,8
11,A,LowReferenceStiffness,8,0.1,0.184,84,128.023,False,True,3,3
11,A,LowReferenceStiffness,9,0.1,0.18,80,171.497,False,False,8,3
11,A,LowReferenceStiffness,10,0.1,0.18,80,43.206,False,True,8,8
11,A,LowReferenceStiffness,11,0.1,0.176,76,121.198,False,True,3,3
11,A,LowReferenceStiffness,12,0.1,0.172,72,95.095,False,True,2,2
11,A,LowReferenceStiffness,13,0.1,0.168,68,53.366,False,True,6,6
11,A,LowReferenceStiffness,14,0.1,0.164,64,141.192,False,False,7,0
11,A,LowReferenceStiffness,15,0.1,0.164,64,170.857,False,False,8,10
11,A,LowReferenceStiffness,16,0.1,0.168,68,55.138,False,True,7,7
11,A,LowReferenceStiffness,17,0.1,0.164,64,34.856,False,True,8,8
11,A,LowReferenceStiffness,18,0.1,0.16,60,71.553,False,True,1,1
11,A,LowReferenceStiffness,19,0.1,0.156,56,47.484,False,True,7,7
11,A,LowReferenceStiffness,20,0.1,0.152,52,62.778,False,True,4,4
11,A,LowReferenceStiffness,21,0.1,0.148,48,165.429,False,False,8,0
11,A,LowReferenceStiffness,22,0.1,0.148,48,70.301,True,False,0,6
12,B,HighReferenceStiffness,1,0.4,0.8,100,85.275,False,True,3,3
12,B,HighReferenceStiffness,2,0.4,0.784,96,89.829,False,True,6,6
12,B,HighReferenceStiffness,3,0.4,0.768,92,128.568,False,True,2,2
12,B,HighReferenceStiffness,4,0.4,0.752,88,38.904,False,True,8,8
12,B,HighReferenceStiffness,5,0.4,0.736,84,57.449,False,True,9,9
12,B,HighReferenceStiffness,6,0.4,0.72,80,70.574,False,True,5,5
12,B,HighReferenceStiffness,7,0.4,0.704,76,24.077,False,False,9,5
12,B,HighReferenceStiffness,8,0.4,0.704,76,73.989,False,True,8,8
12,B,HighReferenceStiffness,9,0.4,0.688,72,68.204,False,True,4,4
12,B,HighReferenceStiffness,10,0.4,0.672,68,91.201,False,True,10,10
12,B,HighReferenceStiffness,11,0.4,0.656,64,52.611,False,True,9,9
12,B,HighReferenceStiffness,12,0.4,0.64,60,65.026,False,True,4,4
12,B,HighReferenceStiffness,13,0.4,0.624,56,65.931,False,True,7,7
12,B,HighReferenceStiffness,14,0.4,0.608,52,82.774,False,True,8,8
12,B,HighReferenceStiffness,15,0.4,0.592,48,23.446,False,True,8,8
12,B,HighReferenceStiffness,16,0.4,0.576,44,70.015,False,True,7,7
12,B,HighReferenceStiffness,17,0.4,0.56,40,56.237,False,True,3,3
12,B,HighReferenceStiffness,18,0.4,0.544,36,59.164,False,True,5,5
12,B,HighReferenceStiffness,19,0.4,0.528,32,56.608,False,True,2,2
12,B,HighReferenceStiffness,20,0.4,0.512,28,93.169,False,True,6,6
12,B,HighReferenceStiffness,21,0.4,0.496,24,94.877,False,False,6,7
12,B,HighReferenceStiffness,22,0.4,0.496,24,92.996,False,False,2,10
12,B,HighReferenceStiffness,23,0.4,0.512,28,63.207,False,True,7,7
12,B,HighReferenceStiffness,24,0.4,0.496,24,76.058,False,False,1,5
12,B,HighReferenceStiffness,25,0.4,0.496,24,99.024,False,False,2,10
12,B,HighReferenceStiffness,26,0.4,0.512,28,72.474,True,False,0,4
12,B,HighReferenceStiffness,27,0.4,0.512,28,75.397,False,False,2,3
12,B,HighReferenceStiffness,28,0.4,0.528,32,58.74,False,True,3,3
12,B,HighReferenceStiffness,29,0.4,0.512,28,98.243,False,True,8,8
12,B,HighReferenceStiffness,30,0.4,0.496,24,138.947,False,False,4,6
12,B,HighReferenceStiffness,31,0.4,0.496,24,139.331,False,False,6,0
12,B,LowReferenceStiffness,1,0.1,0.2,100,62.921,False,True,4,4
12,B,LowReferenceStiffness,2,0.1,0.196,96,113.113,False,True,6,6
12,B,LowReferenceStiffness,3,0.1,0.192,92,118.396,False,True,7,7
12,B,LowReferenceStiffness,4,0.1,0.188,88,292.405,False,False,10,0
12,B,LowReferenceStiffness,5,0.1,0.188,88,135.045,False,True,8,8
12,B,LowReferenceStiffness,6,0.1,0.184,84,103.208,False,True,3,3
12,B,LowReferenceStiffness,7,0.1,0.18,80,132.563,False,True,8,8
12,B,LowReferenceStiffness,8,0.1,0.176,76,176.312,False,True,6,6
12,B,LowReferenceStiffness,9,0.1,0.172,72,203.826,False,True,6,6
12,B,LowReferenceStiffness,10,0.1,0.168,68,186.815,False,True,6,6
12,B,LowReferenceStiffness,11,0.1,0.164,64,182.201,False,True,7,7
12,B,LowReferenceStiffness,12,0.1,0.16,60,217.897,False,True,7,7
12,B,LowReferenceStiffness,13,0.1,0.156,56,122.266,False,True,3,3
12,B,LowReferenceStiffness,14,0.1,0.152,52,174.149,False,True,2,2
12,B,LowReferenceStiffness,15,0.1,0.148,48,100.512,False,True,2,2
12,B,LowReferenceStiffness,16,0.1,0.144,44,315.636,False,False,3,4
12,B,LowReferenceStiffness,17,0.1,0.144,44,92.789,False,True,2,2
12,B,LowReferenceStiffness,18,0.1,0.14,40,154.208,False,False,6,7
12,B,LowReferenceStiffness,19,0.1,0.14,40,137.517,False,True,8,8
12,B,LowReferenceStiffness,20,0.1,0.136,36,91.395,False,True,3,3
12,B,LowReferenceStiffness,21,0.1,0.132,32,119.029,False,False,4,8
12,B,LowReferenceStiffness,22,0.1,0.132,32,93.256,False,True,3,3
12,B,LowReferenceStiffness,23,0.1,0.128,28,131.717,False,True,3,3
12,B,LowReferenceStiffness,24,0.1,0.124,24,117.029,True,False,0,5
12,B,LowReferenceStiffness,25,0.1,0.124,24,78.966,False,False,7,1
12,B,LowReferenceStiffness,26,0.1,0.128,28,66.724,False,True,8,8
12,B,LowReferenceStiffness,27,0.1,0.124,24,99.824,True,False,0,5
12,B,LowReferenceStiffness,28,0.1,0.124,24,88.378,False,False,9,7
12,B,LowReferenceStiffness,29,0.1,0.128,28,62.926,False,True,4,4
12,B,LowReferenceStiffness,30,0.1,0.124,24,124.992,False,False,4,6
12,B,LowReferenceStiffness,31,0.1,0.124,24,57.055,False,True,3,3
12,B,LowReferenceStiffness,32,0.1,0.12,20,82.637,False,False,7,4
12,B,LowReferenceStiffness,33,0.1,0.12,20,60.777,False,False,9,8
13,A,HighReferenceStiffness,1,0.4,0.8,100,49.311,False,True,2,2
13,A,HighReferenceStiffness,2,0.4,0.784,96,74.46,False,True,7,7
13,A,HighReferenceStiffness,3,0.4,0.768,92,154.199,False,True,10,10
13,A,HighReferenceStiffness,4,0.4,0.752,88,111.415,False,False,9,1
13,A,HighReferenceStiffness,5,0.4,0.752,88,91.724,False,True,4,4
13,A,HighReferenceStiffness,6,0.4,0.736,84,233.039,True,False,0,10
13,A,HighReferenceStiffness,7,0.4,0.736,84,67.874,False,True,7,7
13,A,HighReferenceStiffness,8,0.4,0.72,80,32.181,False,True,6,6
13,A,HighReferenceStiffness,9,0.4,0.704,76,53.787,False,True,5,5
13,A,HighReferenceStiffness,10,0.4,0.688,72,75.498,False,True,2,2
13,A,HighReferenceStiffness,11,0.4,0.672,68,46.848,False,True,7,7
13,A,HighReferenceStiffness,12,0.4,0.656,64,63.965,False,True,5,5
13,A,HighReferenceStiffness,13,0.4,0.64,60,45.157,False,True,6,6
13,A,HighReferenceStiffness,14,0.4,0.624,56,49.952,False,True,3,3
13,A,HighReferenceStiffness,15,0.4,0.608,52,74.84,False,True,2,2
13,A,HighReferenceStiffness,16,0.4,0.592,48,104.171,False,True,5,5
13,A,HighReferenceStiffness,17,0.4,0.576,44,34.964,False,True,8,8
13,A,HighReferenceStiffness,18,0.4,0.56,40,134.486,False,True,9,9
13,A,HighReferenceStiffness,19,0.4,0.544,36,132.947,False,False,5,4
13,A,HighReferenceStiffness,20,0.4,0.544,36,83.939,False,True,9,9
13,A,HighReferenceStiffness,21,0.4,0.528,32,54.982,False,True,6,6
13,A,HighReferenceStiffness,22,0.4,0.512,28,102.602,False,True,7,7
13,A,HighReferenceStiffness,23,0.4,0.496,24,241.493,False,True,10,10
13,A,HighReferenceStiffness,24,0.4,0.48,20,260.601,False,False,6,0
13,A,HighReferenceStiffness,25,0.4,0.48,20,163.138,False,False,4,3
13,A,HighReferenceStiffness,26,0.4,0.496,24,274.35,True,True,0,0
13,A,HighReferenceStiffness,27,0.4,0.48,20,206.956,False,False,7,0
13,A,HighReferenceStiffness,28,0.4,0.48,20,120.748,False,True,3,3
13,A,HighReferenceStiffness,29,0.4,0.464,16,282.087,False,False,1,5
13,A,HighReferenceStiffness,30,0.4,0.464,16,121.484,False,False,10,1
13,A,HighReferenceStiffness,31,0.4,0.48,20,158.126,False,False,9,4
13,A,HighReferenceStiffness,32,0.4,0.48,20,186.798,False,False,8,5
13,A,HighReferenceStiffness,33,0.4,0.496,24,253.782,False,False,10,4
13,A,HighReferenceStiffness,34,0.4,0.496,24,226.928,False,False,7,5
13,A,HighReferenceStiffness,35,0.4,0.512,28,38.007,False,False,7,9
13,A,HighReferenceStiffness,36,0.4,0.512,28,119.278,False,True,2,2
13,A,HighReferenceStiffness,37,0.4,0.496,24,330.358,False,False,6,7
13,A,HighReferenceStiffness,38,0.4,0.496,24,16.737,False,False,4,0
13,A,LowReferenceStiffness,1,0.1,0.2,100,108.765,False,True,9,9
13,A,LowReferenceStiffness,2,0.1,0.196,96,70.278,False,True,4,4
13,A,LowReferenceStiffness,3,0.1,0.192,92,76.583,True,False,0,8
13,A,LowReferenceStiffness,4,0.1,0.192,92,32.589,False,True,4,4
13,A,LowReferenceStiffness,5,0.1,0.188,88,49.528,False,True,4,4
13,A,LowReferenceStiffness,6,0.1,0.184,84,24.987,False,True,2,2
13,A,LowReferenceStiffness,7,0.1,0.18,80,24.966,False,True,3,3
13,A,LowReferenceStiffness,8,0.1,0.176,76,56.414,False,True,1,1
13,A,LowReferenceStiffness,9,0.1,0.172,72,43.043,False,True,7,7
13,A,LowReferenceStiffness,10,0.1,0.168,68,84.101,False,True,3,3
13,A,LowReferenceStiffness,11,0.1,0.164,64,47.801,False,True,7,7
13,A,LowReferenceStiffness,12,0.1,0.16,60,50.119,True,True,0,0
13,A,LowReferenceStiffness,13,0.1,0.156,56,79.402,False,True,3,3
13,A,LowReferenceStiffness,14,0.1,0.152,52,112.59,False,False,7,0
13,A,LowReferenceStiffness,15,0.1,0.152,52,48.861,False,True,4,4
13,A,LowReferenceStiffness,16,0.1,0.148,48,256.591,False,False,6,0
13,A,LowReferenceStiffness,17,0.1,0.148,48,50.452,False,True,1,1
13,A,LowReferenceStiffness,18,0.1,0.144,44,25.577,False,False,7,0
13,A,LowReferenceStiffness,19,0.1,0.144,44,109.407,False,True,1,1
13,A,LowReferenceStiffness,20,0.1,0.14,40,42.184,False,False,4,0
13,A,LowReferenceStiffness,21,0.1,0.14,40,115.034,False,False,10,1
13,A,LowReferenceStiffness,22,0.1,0.144,44,193.542,False,True,4,4
13,A,LowReferenceStiffness,23,0.1,0.14,40,458.426,False,False,10,0
13,A,LowReferenceStiffness,24,0.1,0.14,40,54.15,False,True,5,5
13,A,LowReferenceStiffness,25,0.1,0.136,36,124.291,False,False,1,0
13,A,LowReferenceStiffness,26,0.1,0.136,36,120.077,True,True,0,0
13,A,LowReferenceStiffness,27,0.1,0.132,32,134.496,True,True,0,0
13,A,LowReferenceStiffness,28,0.1,0.128,28,90.039,False,False,6,0
13,A,LowReferenceStiffness,29,0.1,0.128,28,74.125,False,False,9,0
13,A,LowReferenceStiffness,30,0.1,0.132,32,74.652,False,False,1,0
13,A,LowReferenceStiffness,31,0.1,0.132,32,118.072,False,True,7,7
13,A,LowReferenceStiffness,32,0.1,0.128,28,49.208,False,False,9,7
13,A,LowReferenceStiffness,33,0.1,0.128,28,82.599,False,False,9,0
14,B,HighReferenceStiffness,1,0.4,0.8,100,150.078,False,True,8,8
14,B,HighReferenceStiffness,2,0.4,0.784,96,143.332,False,True,1,1
14,B,HighReferenceStiffness,3,0.4,0.768,92,63.212,False,True,1,1
14,B,HighReferenceStiffness,4,0.4,0.752,88,30.771,False,True,6,6
14,B,HighReferenceStiffness,5,0.4,0.736,84,46.66,False,False,2,1
14,B,HighReferenceStiffness,6,0.4,0.736,84,280.799,True,True,0,0
14,B,HighReferenceStiffness,7,0.4,0.72,80,47.432,False,False,1,2
14,B,HighReferenceStiffness,8,0.4,0.72,80,173.057,False,True,10,10
14,B,HighReferenceStiffness,9,0.4,0.704,76,51.524,False,True,6,6
14,B,HighReferenceStiffness,10,0.4,0.688,72,96.985,False,True,2,2
14,B,HighReferenceStiffness,11,0.4,0.672,68,25.839,False,True,7,7
14,B,HighReferenceStiffness,12,0.4,0.656,64,42.611,False,True,5,5
14,B,HighReferenceStiffness,13,0.4,0.64,60,151.581,False,True,1,1
14,B,HighReferenceStiffness,14,0.4,0.624,56,64.27,False,True,7,7
14,B,HighReferenceStiffness,15,0.4,0.608,52,46.189,False,True,3,3
14,B,HighReferenceStiffness,16,0.4,0.592,48,47.262,False,False,3,2
14,B,HighReferenceStiffness,17,0.4,0.592,48,156.874,False,False,4,0
14,B,HighReferenceStiffness,18,0.4,0.608,52,78.423,False,True,5,5
14,B,HighReferenceStiffness,19,0.4,0.592,48,53.068,False,False,7,6
14,B,HighReferenceStiffness,20,0.4,0.592,48,115.27,False,False,8,3
14,B,HighReferenceStiffness,21,0.4,0.608,52,55.513,False,False,3,2
14,B,HighReferenceStiffness,22,0.4,0.608,52,204.407,False,True,10,10
14,B,HighReferenceStiffness,23,0.4,0.592,48,198.82,False,True,10,10
14,B,HighReferenceStiffness,24,0.4,0.576,44,131.62,False,True,6,6
14,B,HighReferenceStiffness,25,0.4,0.56,40,147.838,False,True,9,9
14,B,HighReferenceStiffness,26,0.4,0.544,36,70.882,False,False,10,0
14,B,HighReferenceStiffness,27,0.4,0.544,36,121.152,False,False,7,4
14,B,LowReferenceStiffness,1,0.1,0.2,100,78.798,False,True,9,9
14,B,LowReferenceStiffness,2,0.1,0.196,96,76.937,False,False,9,6
14,B,LowReferenceStiffness,3,0.1,0.196,96,151.299,False,True,4,4
14,B,LowReferenceStiffness,4,0.1,0.192,92,495.892,False,True,9,9
14,B,LowReferenceStiffness,5,0.1,0.188,88,288.252,False,True,3,3
14,B,LowReferenceStiffness,6,0.1,0.184,84,210.611,False,True,4,4
14,B,LowReferenceStiffness,7,0.1,0.18,80,130.945,False,True,9,9
14,B,LowReferenceStiffness,8,0.1,0.176,76,125.649,False,True,4,4
14,B,LowReferenceStiffness,9,0.1,0.172,72,332.421,False,True,9,9
14,B,LowReferenceStiffness,10,0.1,0.168,68,80.989,False,True,7,7
14,B,LowReferenceStiffness,11,0.1,0.164,64,177.374,False,True,7,7
14,B,LowReferenceStiffness,12,0.1,0.16,60,367.303,False,False,10,0
14,B,LowReferenceStiffness,13,0.1,0.16,60,209.316,False,True,5,5
14,B,LowReferenceStiffness,14,0.1,0.156,56,128.476,False,True,2,2
14,B,LowReferenceStiffness,15,0.1,0.152,52,149.451,False,True,4,4
14,B,LowReferenceStiffness,16,0.1,0.148,48,125.116,False,True,1,1
14,B,LowReferenceStiffness,17,0.1,0.144,44,172.261,False,False,9,8
14,B,LowReferenceStiffness,18,0.1,0.144,44,126.356,False,True,7,7
14,B,LowReferenceStiffness,19,0.1,0.14,40,130.811,False,True,10,10
14,B,LowReferenceStiffness,20,0.1,0.136,36,65.807,False,False,3,4
14,B,LowReferenceStiffness,21,0.1,0.136,36,98.978,False,False,1,5
14,B,LowReferenceStiffness,22,0.1,0.14,40,113.411,False,False,4,3
14,B,LowReferenceStiffness,23,0.1,0.14,40,115.462,False,False,4,5
14,B,LowReferenceStiffness,24,0.1,0.144,44,167.778,False,True,7,7
14,B,LowReferenceStiffness,25,0.1,0.14,40,126.731,False,True,7,7
14,B,LowReferenceStiffness,26,0.1,0.136,36,151.589,False,False,3,6
14,B,LowReferenceStiffness,27,0.1,0.136,36,111.123,False,False,6,7
14,B,LowReferenceStiffness,28,0.1,0.14,40,82.508,False,False,6,7
14,B,LowReferenceStiffness,29,0.1,0.14,40,312.306,False,False,8,7
14,B,LowReferenceStiffness,30,0.1,0.144,44,109.81,False,True,3,3
14,B,LowReferenceStiffness,31,0.1,0.14,40,103.868,False,True,3,3
14,B,LowReferenceStiffness,32,0.1,0.136,36,56.101,True,False,0,3
14,B,LowReferenceStiffness,33,0.1,0.136,36,101.884,True,False,0,8
15,A,HighReferenceStiffness,1,0.4,0.8,100,139.378,False,True,5,5
15,A,HighReferenceStiffness,2,0.4,0.784,96,169.264,False,True,1,1
15,A,HighReferenceStiffness,3,0.4,0.768,92,82.136,False,True,9,9
15,A,HighReferenceStiffness,4,0.4,0.752,88,41.152,False,True,4,4
15,A,HighReferenceStiffness,5,0.4,0.736,84,32.284,False,True,2,2
15,A,HighReferenceStiffness,6,0.4,0.72,80,32.901,False,True,6,6
15,A,HighReferenceStiffness,7,0.4,0.704,76,31.935,False,True,5,5
15,A,HighReferenceStiffness,8,0.4,0.688,72,22.057,False,True,1,1
15,A,HighReferenceStiffness,9,0.4,0.672,68,22.829,False,True,2,2
15,A,HighReferenceStiffness,10,0.4,0.656,64,24.947,False,True,3,3
15,A,HighReferenceStiffness,11,0.4,0.64,60,33.163,False,True,9,9
15,A,HighReferenceStiffness,12,0.4,0.624,56,46.763,False,True,1,1
15,A,HighReferenceStiffness,13,0.4,0.608,52,34.106,False,True,6,6
15,A,HighReferenceStiffness,14,0.4,0.592,48,78.833,False,False,4,0
15,A,HighReferenceStiffness,15,0.4,0.592,48,59.53,False,True,10,10
15,A,HighReferenceStiffness,16,0.4,0.576,44,33.834,False,True,5,5
15,A,HighReferenceStiffness,17,0.4,0.56,40,40.983,False,False,9,8
15,A,HighReferenceStiffness,18,0.4,0.56,40,38.786,False,True,4,4
15,A,HighReferenceStiffness,19,0.4,0.544,36,98.418,False,False,1,0
15,A,HighReferenceStiffness,20,0.4,0.544,36,79.66,False,False,5,0
15,A,HighReferenceStiffness,21,0.4,0.56,40,28.097,False,True,4,4
15,A,HighReferenceStiffness,22,0.4,0.544,36,45.68,False,True,7,7
15,A,HighReferenceStiffness,23,0.4,0.528,32,62.534,False,True,10,10
15,A,HighReferenceStiffness,24,0.4,0.512,28,71.378,False,True,8,8
15,A,HighReferenceStiffness,25,0.4,0.496,24,95.999,False,False,3,0
15,A,HighReferenceStiffness,26,0.4,0.496,24,58.049,False,False,6,4
15,A,HighReferenceStiffness,27,0.4,0.512,28,47.165,False,True,9,9
15,A,HighReferenceStiffness,28,0.4,0.496,24,69.602,False,False,4,0
15,A,HighReferenceStiffness,29,0.4,0.496,24,74.938,False,False,9,0
15,A,LowReferenceStiffness,1,0.1,0.2,100,40.831,False,True,8,8
15,A,LowReferenceStiffness,2,0.1,0.196,96,51.091,False,True,10,10
15,A,LowReferenceStiffness,3,0.1,0.192,92,37.03,False,True,6,6
15,A,LowReferenceStiffness,4,0.1,0.188,88,38.933,False,True,5,5
15,A,LowReferenceStiffness,5,0.1,0.184,84,36.4,False,True,3,3
15,A,LowReferenceStiffness,6,0.1,0.18,80,30.364,False,True,3,3
15,A,LowReferenceStiffness,7,0.1,0.176,76,64.058,False,True,1,1
15,A,LowReferenceStiffness,8,0.1,0.172,72,36.571,False,True,6,6
15,A,LowReferenceStiffness,9,0.1,0.168,68,43.038,False,True,5,5
15,A,LowReferenceStiffness,10,0.1,0.164,64,14.571,False,True,10,10
15,A,LowReferenceStiffness,11,0.1,0.16,60,42.225,False,True,10,10
15,A,LowReferenceStiffness,12,0.1,0.156,56,71.26,False,False,9,0
15,A,LowReferenceStiffness,13,0.1,0.156,56,68.617,False,False,3,0
15,A,LowReferenceStiffness,14,0.1,0.16,60,21.233,False,True,7,7
15,A,LowReferenceStiffness,15,0.1,0.156,56,62.926,False,False,4,0
15,A,LowReferenceStiffness,16,0.1,0.156,56,30.947,True,False,0,1
15,A,LowReferenceStiffness,17,0.1,0.16,60,37.204,False,True,6,6
15,A,LowReferenceStiffness,18,0.1,0.156,56,42.753,False,False,5,0
15,A,LowReferenceStiffness,19,0.1,0.156,56,82.443,False,False,3,0
16,B,HighReferenceStiffness,1,0.4,0.8,100,54.112,False,True,7,7
16,B,HighReferenceStiffness,2,0.4,0.784,96,23.851,False,True,4,4
16,B,HighReferenceStiffness,3,0.4,0.768,92,31.395,True,True,0,0
16,B,HighReferenceStiffness,4,0.4,0.752,88,127.303,False,True,1,1
16,B,HighReferenceStiffness,5,0.4,0.736,84,14.889,False,True,6,6
16,B,HighReferenceStiffness,6,0.4,0.72,80,14.968,False,True,6,6
16,B,HighReferenceStiffness,7,0.4,0.704,76,6.258,False,True,9,9
16,B,HighReferenceStiffness,8,0.4,0.688,72,26.741,False,True,4,4
16,B,HighReferenceStiffness,9,0.4,0.672,68,26.134,False,True,4,4
16,B,HighReferenceStiffness,10,0.4,0.656,64,44.257,False,True,6,6
16,B,HighReferenceStiffness,11,0.4,0.64,60,53.405,True,True,0,0
16,B,HighReferenceStiffness,12,0.4,0.624,56,29.889,False,True,7,7
16,B,HighReferenceStiffness,13,0.4,0.608,52,61.907,False,True,5,5
16,B,HighReferenceStiffness,14,0.4,0.592,48,68.538,True,False,0,1
16,B,HighReferenceStiffness,15,0.4,0.592,48,20.862,False,False,6,5
16,B,HighReferenceStiffness,16,0.4,0.608,52,14.042,False,True,3,3
16,B,HighReferenceStiffness,17,0.4,0.592,48,7.994,False,True,7,7
16,B,HighReferenceStiffness,18,0.4,0.576,44,9.861,False,True,9,9
16,B,HighReferenceStiffness,19,0.4,0.56,40,33.176,False,False,7,0
16,B,HighReferenceStiffness,20,0.4,0.56,40,35.736,False,False,10,0
16,B,HighReferenceStiffness,21,0.4,0.576,44,192.407,False,True,4,4
16,B,HighReferenceStiffness,22,0.4,0.56,40,57.933,False,True,7,7
16,B,HighReferenceStiffness,23,0.4,0.544,36,36.447,False,False,10,6
16,B,HighReferenceStiffness,24,0.4,0.544,36,52.103,False,False,3,2
16,B,LowReferenceStiffness,1,0.1,0.2,100,91.396,False,True,6,6
16,B,LowReferenceStiffness,2,0.1,0.196,96,207.962,False,True,1,1
16,B,LowReferenceStiffness,3,0.1,0.192,92,95.979,False,True,10,10
16,B,LowReferenceStiffness,4,0.1,0.188,88,72.187,False,True,3,3
16,B,LowReferenceStiffness,5,0.1,0.184,84,17.493,False,True,9,9
16,B,LowReferenceStiffness,6,0.1,0.18,80,23.434,False,True,4,4
16,B,LowReferenceStiffness,7,0.1,0.176,76,13.303,False,True,3,3
16,B,LowReferenceStiffness,8,0.1,0.172,72,18.427,False,True,7,7
16,B,LowReferenceStiffness,9,0.1,0.168,68,31.474,False,True,2,2
16,B,LowReferenceStiffness,10,0.1,0.164,64,35.751,False,True,1,1
16,B,LowReferenceStiffness,11,0.1,0.16,60,27.843,False,True,2,2
16,B,LowReferenceStiffness,12,0.1,0.156,56,125.793,False,True,8,8
16,B,LowReferenceStiffness,13,0.1,0.152,52,81.677,False,False,4,2
16,B,LowReferenceStiffness,14,0.1,0.152,52,103.863,False,False,8,0
16,B,LowReferenceStiffness,15,0.1,0.156,56,85.995,False,True,8,8
16,B,LowReferenceStiffness,16,0.1,0.152,52,21.799,False,False,7,6
16,B,LowReferenceStiffness,17,0.1,0.152,52,21.625,False,True,2,2
16,B,LowReferenceStiffness,18,0.1,0.148,48,34.044,False,True,6,6
16,B,LowReferenceStiffness,19,0.1,0.144,44,60.566,False,True,3,3
16,B,LowReferenceStiffness,20,0.1,0.14,40,17.537,False,False,2,0
16,B,LowReferenceStiffness,21,0.1,0.14,40,49.588,False,True,4,4
16,B,LowReferenceStiffness,22,0.1,0.136,36,100.151,False,False,8,4
16,B,LowReferenceStiffness,23,0.1,0.136,36,12.202,False,False,7,5
16,B,LowReferenceStiffness,24,0.1,0.14,40,36.767,False,True,7,7
16,B,LowReferenceStiffness,25,0.1,0.136,36,79.043,False,False,2,0
16,B,LowReferenceStiffness,26,0.1,0.136,36,44.257,False,False,1,5
17,B,HighReferenceStiffness,1,0.4,0.8,100,26.234,False,False,7,3
17,B,HighReferenceStiffness,2,0.4,0.8,100,16.067,False,True,8,8
17,B,HighReferenceStiffness,3,0.4,0.784,96,32.979,False,True,3,3
17,B,HighReferenceStiffness,4,0.4,0.768,92,16.389,False,True,8,8
17,B,HighReferenceStiffness,5,0.4,0.752,88,16.939,False,True,4,4
17,B,HighReferenceStiffness,6,0.4,0.736,84,12.034,False,True,9,9
17,B,HighReferenceStiffness,7,0.4,0.72,80,16.553,False,True,2,2
17,B,HighReferenceStiffness,8,0.4,0.704,76,16.309,False,True,1,1
17,B,HighReferenceStiffness,9,0.4,0.688,72,16.435,False,True,7,7
17,B,HighReferenceStiffness,10,0.4,0.672,68,21.711,False,True,5,5
17,B,HighReferenceStiffness,11,0.4,0.656,64,10.737,False,True,7,7
17,B,HighReferenceStiffness,12,0.4,0.64,60,14.198,False,True,9,9
17,B,HighReferenceStiffness,13,0.4,0.624,56,15.311,False,True,4,4
17,B,HighReferenceStiffness,14,0.4,0.608,52,11.721,False,True,6,6
17,B,HighReferenceStiffness,15,0.4,0.592,48,9.647,False,True,8,8
17,B,HighReferenceStiffness,16,0.4,0.576,44,16.188,False,True,2,2
17,B,HighReferenceStiffness,17,0.4,0.56,40,13.41,False,True,2,2
17,B,HighReferenceStiffness,18,0.4,0.544,36,10.377,False,True,10,10
17,B,HighReferenceStiffness,19,0.4,0.528,32,10.858,False,True,5,5
17,B,HighReferenceStiffness,20,0.4,0.512,28,13.537,False,True,3,3
17,B,HighReferenceStiffness,21,0.4,0.496,24,33.624,False,False,6,0
17,B,HighReferenceStiffness,22,0.4,0.496,24,41.631,False,False,4,0
17,B,HighReferenceStiffness,23,0.4,0.512,28,15.327,False,True,4,4
17,B,HighReferenceStiffness,24,0.4,0.496,24,30.682,False,False,1,0
17,B,HighReferenceStiffness,25,0.4,0.496,24,41.216,False,False,6,0
17,B,HighReferenceStiffness,26,0.4,0.512,28,56.746,False,True,2,2
17,B,HighReferenceStiffness,27,0.4,0.496,24,53.179,False,False,10,0
17,B,HighReferenceStiffness,28,0.4,0.496,24,22.935,False,False,6,0
17,B,LowReferenceStiffness,1,0.1,0.2,100,30.38,False,True,1,1
17,B,LowReferenceStiffness,2,0.1,0.196,96,19.807,False,True,2,2
17,B,LowReferenceStiffness,3,0.1,0.192,92,32.943,False,True,7,7
17,B,LowReferenceStiffness,4,0.1,0.188,88,17.271,False,True,2,2
17,B,LowReferenceStiffness,5,0.1,0.184,84,10.836,False,True,8,8
17,B,LowReferenceStiffness,6,0.1,0.18,80,14.702,False,True,2,2
17,B,LowReferenceStiffness,7,0.1,0.176,76,17.79,False,True,7,7
17,B,LowReferenceStiffness,8,0.1,0.172,72,9.385,False,True,10,10
17,B,LowReferenceStiffness,9,0.1,0.168,68,11.083,False,True,6,6
17,B,LowReferenceStiffness,10,0.1,0.164,64,10.864,False,True,7,7
17,B,LowReferenceStiffness,11,0.1,0.16,60,9.668,False,True,8,8
17,B,LowReferenceStiffness,12,0.1,0.156,56,15.244,False,True,1,1
17,B,LowReferenceStiffness,13,0.1,0.152,52,13.666,False,True,2,2
17,B,LowReferenceStiffness,14,0.1,0.148,48,15.451,False,True,2,2
17,B,LowReferenceStiffness,15,0.1,0.144,44,9.661,False,True,10,10
17,B,LowReferenceStiffness,16,0.1,0.14,40,12.065,False,True,6,6
17,B,LowReferenceStiffness,17,0.1,0.136,36,8.066,False,True,9,9
17,B,LowReferenceStiffness,18,0.1,0.132,32,8.841,False,True,10,10
17,B,LowReferenceStiffness,19,0.1,0.128,28,10.734,False,True,1,1
17,B,LowReferenceStiffness,20,0.1,0.124,24,34.827,True,True,0,0
17,B,LowReferenceStiffness,21,0.1,0.12,20,16.8,False,False,4,2
17,B,LowReferenceStiffness,22,0.1,0.12,20,53.359,False,False,5,0
17,B,LowReferenceStiffness,23,0.1,0.124,24,41.515,False,False,3,0
17,B,LowReferenceStiffness,24,0.1,0.124,24,67.188,False,False,1,0
17,B,LowReferenceStiffness,25,0.1,0.128,28,48.515,False,True,4,4
17,B,LowReferenceStiffness,26,0.1,0.124,24,60.492,False,False,8,0
17,B,LowReferenceStiffness,27,0.1,0.124,24,71.402,False,False,6,0
17,B,LowReferenceStiffness,28,0.1,0.128,28,21.79,False,True,1,1
17,B,LowReferenceStiffness,29,0.1,0.124,24,19.865,False,False,5,0
17,B,LowReferenceStiffness,30,0.1,0.124,24,24.239,False,False,10,0
18,A,HighReferenceStiffness,1,0.4,0.8,100,54.779,False,True,3,3
18,A,HighReferenceStiffness,2,0.4,0.784,96,13.255,False,True,9,9
18,A,HighReferenceStiffness,3,0.4,0.768,92,38.517,False,True,3,3
18,A,HighReferenceStiffness,4,0.4,0.752,88,19.507,False,True,1,1
18,A,HighReferenceStiffness,5,0.4,0.736,84,39.293,False,True,8,8
18,A,HighReferenceStiffness,6,0.4,0.72,80,18.287,False,True,8,8
18,A,HighReferenceStiffness,7,0.4,0.704,76,24.701,False,True,5,5
18,A,HighReferenceStiffness,8,0.4,0.688,72,24.895,False,True,10,10
18,A,HighReferenceStiffness,9,0.4,0.672,68,21.194,False,True,6,6
18,A,HighReferenceStiffness,10,0.4,0.656,64,21.592,False,True,10,10
18,A,HighReferenceStiffness,11,0.4,0.64,60,28.423,False,True,5,5
18,A,HighReferenceStiffness,12,0.4,0.624,56,34.181,True,True,0,0
18,A,HighReferenceStiffness,13,0.4,0.608,52,21.999,False,True,7,7
18,A,HighReferenceStiffness,14,0.4,0.592,48,21.387,False,True,8,8
18,A,HighReferenceStiffness,15,0.4,0.576,44,35.81,False,True,9,9
18,A,HighReferenceStiffness,16,0.4,0.56,40,47.817,False,True,5,5
18,A,HighReferenceStiffness,17,0.4,0.544,36,25.514,False,True,7,7
18,A,HighReferenceStiffness,18,0.4,0.528,32,20.913,False,True,8,8
18,A,HighReferenceStiffness,19,0.4,0.512,28,24.414,False,True,2,2
18,A,HighReferenceStiffness,20,0.4,0.496,24,56.263,True,True,0,0
18,A,HighReferenceStiffness,21,0.4,0.48,20,50.498,False,True,2,2
18,A,HighReferenceStiffness,22,0.4,0.464,16,56.962,False,False,8,0
18,A,HighReferenceStiffness,23,0.4,0.464,16,108.346,False,False,8,10
18,A,HighReferenceStiffness,24,0.4,0.48,20,68.239,False,True,4,4
18,A,HighReferenceStiffness,25,0.4,0.464,16,70.907,False,False,7,0
18,A,HighReferenceStiffness,26,0.4,0.464,16,70.722,False,False,3,0
18,A,HighReferenceStiffness,27,0.4,0.48,20,58.256,False,False,4,0
18,A,HighReferenceStiffness,28,0.4,0.48,20,53.333,False,False,9,0
18,A,HighReferenceStiffness,29,0.4,0.496,24,82.802,False,False,1,7
18,A,HighReferenceStiffness,30,0.4,0.496,24,31.367,False,False,3,0
18,A,HighReferenceStiffness,31,0.4,0.512,28,50.327,False,True,1,1
18,A,HighReferenceStiffness,32,0.4,0.496,24,61.555,False,True,4,4
18,A,HighReferenceStiffness,33,0.4,0.48,20,58.437,False,True,5,5
18,A,HighReferenceStiffness,34,0.4,0.464,16,32.738,False,False,3,0
18,A,HighReferenceStiffness,35,0.4,0.464,16,41.763,False,False,1,0
18,A,LowReferenceStiffness,1,0.1,0.2,100,24.242,False,True,5,5
18,A,LowReferenceStiffness,2,0.1,0.196,96,15.031,False,True,9,9
18,A,LowReferenceStiffness,3,0.1,0.192,92,53.767,True,True,0,0
18,A,LowReferenceStiffness,4,0.1,0.188,88,33.16,False,True,5,5
18,A,LowReferenceStiffness,5,0.1,0.184,84,55.55,True,True,0,0
18,A,LowReferenceStiffness,6,0.1,0.18,80,28.836,False,True,5,5
18,A,LowReferenceStiffness,7,0.1,0.176,76,24.736,False,True,9,9
18,A,LowReferenceStiffness,8,0.1,0.172,72,88.591,False,False,5,0
18,A,LowReferenceStiffness,9,0.1,0.172,72,18.055,False,True,8,8
18,A,LowReferenceStiffness,10,0.1,0.168,68,50.923,False,False,3,0
18,A,LowReferenceStiffness,11,0.1,0.168,68,19.465,False,True,7,7
18,A,LowReferenceStiffness,12,0.1,0.164,64,55.203,True,True,0,0
18,A,LowReferenceStiffness,13,0.1,0.16,60,81.761,False,True,5,5
18,A,LowReferenceStiffness,14,0.1,0.156,56,39.989,False,False,2,0
18,A,LowReferenceStiffness,15,0.1,0.156,56,41.121,False,False,4,0
18,A,LowReferenceStiffness,16,0.1,0.16,60,40.214,False,False,1,0
18,A,LowReferenceStiffness,17,0.1,0.16,60,101.989,False,False,1,0
18,A,LowReferenceStiffness,18,0.1,0.164,64,36.001,False,True,5,5
18,A,LowReferenceStiffness,19,0.1,0.16,60,56.273,False,False,6,0
18,A,LowReferenceStiffness,20,0.1,0.16,60,20.618,False,True,1,1
18,A,LowReferenceStiffness,21,0.1,0.156,56,44.235,False,True,4,4
18,A,LowReferenceStiffness,22,0.1,0.152,52,47.262,False,False,4,3
18,A,LowReferenceStiffness,23,0.1,0.152,52,33.814,False,False,4,0
18,A,LowReferenceStiffness,24,0.1,0.156,56,43.104,False,False,8,6
18,A,LowReferenceStiffness,25,0.1,0.156,56,56.956,False,False,2,0
18,A,LowReferenceStiffness,26,0.1,0.16,60,21.401,False,True,10,10
18,A,LowReferenceStiffness,27,0.1,0.156,56,21.054,True,True,0,0
18,A,LowReferenceStiffness,28,0.1,0.152,52,28.536,False,False,2,0
18,A,LowReferenceStiffness,29,0.1,0.152,52,27.692,False,True,7,7
18,A,LowReferenceStiffness,30,0.1,0.148,48,14.347,False,True,7,7
18,A,LowReferenceStiffness,31,0.1,0.144,44,46.292,False,True,9,9
18,A,LowReferenceStiffness,32,0.1,0.14,40,43.959,True,True,0,0
18,A,LowReferenceStiffness,33,0.1,0.136,36,52.009,False,False,2,0
18,A,LowReferenceStiffness,34,0.1,0.136,36,65.376,False,False,5,0
19,B,HighReferenceStiffness,1,0.4,0.8,100,74.471,False,False,7,6
19,B,HighReferenceStiffness,2,0.4,0.8,100,224.562,False,True,10,10
19,B,HighReferenceStiffness,3,0.4,0.784,96,59.401,False,True,3,3
19,B,HighReferenceStiffness,4,0.4,0.768,92,33.841,False,True,6,6
19,B,HighReferenceStiffness,5,0.4,0.752,88,60.468,False,True,9,9
19,B,HighReferenceStiffness,6,0.4,0.736,84,33.805,False,True,8,8
19,B,HighReferenceStiffness,7,0.4,0.72,80,56.305,False,True,4,4
19,B,HighReferenceStiffness,8,0.4,0.704,76,147.599,False,False,1,4
19,B,HighReferenceStiffness,9,0.4,0.704,76,36.885,False,True,8,8
19,B,HighReferenceStiffness,10,0.4,0.688,72,80.79,False,True,1,1
19,B,HighReferenceStiffness,11,0.4,0.672,68,50.894,False,True,3,3
19,B,HighReferenceStiffness,12,0.4,0.656,64,32.073,False,True,5,5
19,B,HighReferenceStiffness,13,0.4,0.64,60,13.278,False,True,10,10
19,B,HighReferenceStiffness,14,0.4,0.624,56,12.534,False,True,9,9
19,B,HighReferenceStiffness,15,0.4,0.608,52,22.356,False,True,7,7
19,B,HighReferenceStiffness,16,0.4,0.592,48,42.628,False,True,8,8
19,B,HighReferenceStiffness,17,0.4,0.576,44,41.257,False,True,3,3
19,B,HighReferenceStiffness,18,0.4,0.56,40,55.146,False,True,1,1
19,B,HighReferenceStiffness,19,0.4,0.544,36,18.652,False,True,9,9
19,B,HighReferenceStiffness,20,0.4,0.528,32,28.236,False,True,9,9
19,B,HighReferenceStiffness,21,0.4,0.512,28,13.458,False,True,8,8
19,B,HighReferenceStiffness,22,0.4,0.496,24,95.316,False,False,6,0
19,B,HighReferenceStiffness,23,0.4,0.496,24,37.457,False,False,1,8
19,B,HighReferenceStiffness,24,0.4,0.512,28,23.584,False,False,7,9
19,B,HighReferenceStiffness,25,0.4,0.512,28,15.289,False,True,9,9
19,B,HighReferenceStiffness,26,0.4,0.496,24,51.563,False,False,6,10
19,B,HighReferenceStiffness,27,0.4,0.496,24,68.818,False,False,7,0
19,B,HighReferenceStiffness,28,0.4,0.512,28,33.487,False,True,6,6
19,B,HighReferenceStiffness,29,0.4,0.496,24,101.155,False,False,8,0
19,B,HighReferenceStiffness,30,0.4,0.496,24,89.834,False,False,10,0
19,B,LowReferenceStiffness,1,0.1,0.2,100,91.946,False,True,6,6
19,B,LowReferenceStiffness,2,0.1,0.196,96,235.706,False,True,1,1
19,B,LowReferenceStiffness,3,0.1,0.192,92,126.544,False,True,6,6
19,B,LowReferenceStiffness,4,0.1,0.188,88,124.993,False,True,6,6
19,B,LowReferenceStiffness,5,0.1,0.184,84,145.076,False,True,5,5
19,B,LowReferenceStiffness,6,0.1,0.18,80,30.658,False,True,7,7
19,B,LowReferenceStiffness,7,0.1,0.176,76,40.111,False,True,10,10
19,B,LowReferenceStiffness,8,0.1,0.172,72,35.444,False,False,7,8
19,B,LowReferenceStiffness,9,0.1,0.172,72,98.502,False,True,7,7
19,B,LowReferenceStiffness,10,0.1,0.168,68,89.895,False,False,2,8
19,B,LowReferenceStiffness,11,0.1,0.168,68,68.864,False,False,6,0
19,B,LowReferenceStiffness,12,0.1,0.172,72,34.069,False,True,7,7
19,B,LowReferenceStiffness,13,0.1,0.168,68,59.431,False,False,9,4
19,B,LowReferenceStiffness,14,0.1,0.168,68,20.648,True,False,0,5
19,B,LowReferenceStiffness,15,0.1,0.172,72,52.243,False,False,5,6
19,B,LowReferenceStiffness,16,0.1,0.172,72,59.131,False,False,9,0
19,B,LowReferenceStiffness,17,0.1,0.176,76,18.365,False,True,6,6
19,B,LowReferenceStiffness,18,0.1,0.172,72,24.52,False,True,10,10
19,B,LowReferenceStiffness,19,0.1,0.168,68,36.67,False,False,9,4
19,B,LowReferenceStiffness,20,0.1,0.168,68,31.548,False,False,10,3
20,A,HighReferenceStiffness,1,0.4,0.8,100,46.59,False,True,2,2
20,A,HighReferenceStiffness,2,0.4,0.784,96,185.152,False,True,9,9
20,A,HighReferenceStiffness,3,0.4,0.768,92,47.186,False,True,7,7
20,A,HighReferenceStiffness,4,0.4,0.752,88,31.388,False,True,3,3
20,A,HighReferenceStiffness,5,0.4,0.736,84,41.631,False,True,3,3
20,A,HighReferenceStiffness,6,0.4,0.72,80,36.813,False,True,2,2
20,A,HighReferenceStiffness,7,0.4,0.704,76,28.149,False,True,5,5
20,A,HighReferenceStiffness,8,0.4,0.688,72,27.481,False,True,5,5
20,A,HighReferenceStiffness,9,0.4,0.672,68,80.331,False,True,6,6
20,A,HighReferenceStiffness,10,0.4,0.656,64,99.14,False,False,1,0
20,A,HighReferenceStiffness,11,0.4,0.656,64,18.071,False,True,9,9
20,A,HighReferenceStiffness,12,0.4,0.64,60,89.936,True,False,0,1
20,A,HighReferenceStiffness,13,0.4,0.64,60,37.374,False,True,7,7
20,A,HighReferenceStiffness,14,0.4,0.624,56,88.07,False,True,6,6
20,A,HighReferenceStiffness,15,0.4,0.608,52,42.8,False,True,2,2
20,A,HighReferenceStiffness,16,0.4,0.592,48,111.055,False,False,10,0
20,A,HighReferenceStiffness,17,0.4,0.592,48,117.229,False,False,9,2
20,A,HighReferenceStiffness,18,0.4,0.608,52,61.11,False,False,3,2
20,A,HighReferenceStiffness,19,0.4,0.608,52,41.348,False,True,1,1
20,A,HighReferenceStiffness,20,0.4,0.592,48,92.167,False,True,7,7
20,A,HighReferenceStiffness,21,0.4,0.576,44,22.182,False,True,8,8
20,A,HighReferenceStiffness,22,0.4,0.56,40,64.705,True,True,0,0
20,A,HighReferenceStiffness,23,0.4,0.544,36,36.892,False,True,4,4
20,A,HighReferenceStiffness,24,0.4,0.528,32,62.267,False,True,8,8
20,A,HighReferenceStiffness,25,0.4,0.512,28,95.747,False,True,1,1
20,A,HighReferenceStiffness,26,0.4,0.496,24,128.104,False,False,8,7
20,A,HighReferenceStiffness,27,0.4,0.496,24,126.145,False,False,9,0
20,A,HighReferenceStiffness,28,0.4,0.512,28,31.898,False,True,8,8
20,A,HighReferenceStiffness,29,0.4,0.496,24,159.819,False,False,10,9
20,A,HighReferenceStiffness,30,0.4,0.496,24,82.01,False,False,3,0
20,A,LowReferenceStiffness,1,0.1,0.2,100,71.127,False,True,5,5
20,A,LowReferenceStiffness,2,0.1,0.196,96,37.915,False,True,6,6
20,A,LowReferenceStiffness,3,0.1,0.192,92,61.394,False,True,8,8
20,A,LowReferenceStiffness,4,0.1,0.188,88,39.083,False,True,5,5
20,A,LowReferenceStiffness,5,0.1,0.184,84,72.694,False,True,9,9
20,A,LowReferenceStiffness,6,0.1,0.18,80,75.13,False,False,1,0
20,A,LowReferenceStiffness,7,0.1,0.18,80,35.611,False,True,4,4
20,A,LowReferenceStiffness,8,0.1,0.176,76,61.744,False,True,7,7
20,A,LowReferenceStiffness,9,0.1,0.172,72,85.134,False,False,8,4
20,A,LowReferenceStiffness,10,0.1,0.172,72,74.08,False,True,5,5
20,A,LowReferenceStiffness,11,0.1,0.168,68,106.612,False,False,8,0
20,A,LowReferenceStiffness,12,0.1,0.168,68,145.577,False,True,6,6
20,A,LowReferenceStiffness,13,0.1,0.164,64,63.494,False,True,7,7
20,A,LowReferenceStiffness,14,0.1,0.16,60,162.766,False,True,10,10
20,A,LowReferenceStiffness,15,0.1,0.156,56,90.481,False,False,6,0
20,A,LowReferenceStiffness,16,0.1,0.156,56,36.084,False,True,4,4
20,A,LowReferenceStiffness,17,0.1,0.152,52,68.817,True,False,0,1
20,A,LowReferenceStiffness,18,0.1,0.152,52,76.259,True,True,0,0
20,A,LowReferenceStiffness,19,0.1,0.148,48,50.214,False,True,5,5
20,A,LowReferenceStiffness,20,0.1,0.144,44,51.751,False,True,7,7
20,A,LowReferenceStiffness,21,0.1,0.14,40,66.669,False,True,6,6
20,A,LowReferenceStiffness,22,0.1,0.136,36,113.517,False,False,10,0
20,A,LowReferenceStiffness,23,0.1,0.136,36,87.917,False,False,1,0
20,A,LowReferenceStiffness,24,0.1,0.14,40,88.444,True,True,0,0
20,A,LowReferenceStiffness,25,0.1,0.136,36,121.192,False,False,9,0
20,A,LowReferenceStiffness,26,0.1,0.136,36,74.361,False,False,3,0
20,A,LowReferenceStiffness,27,0.1,0.14,40,39.226,False,True,7,7
20,A,LowReferenceStiffness,28,0.1,0.136,36,67.665,False,False,9,0
20,A,LowReferenceStiffness,29,0.1,0.136,36,67.232,False,False,3,0
21,B,HighReferenceStiffness,1,0.4,0.8,100,116.87,False,True,1,1
21,B,HighReferenceStiffness,2,0.4,0.784,96,37.274,False,True,3,3
21,B,HighReferenceStiffness,3,0.4,0.768,92,30.361,False,True,2,2
21,B,HighReferenceStiffness,4,0.4,0.752,88,153.477,True,False,0,8
21,B,HighReferenceStiffness,5,0.4,0.752,88,36.732,False,True,2,2
21,B,HighReferenceStiffness,6,0.4,0.736,84,29.341,False,True,9,9
21,B,HighReferenceStiffness,7,0.4,0.72,80,67.7,False,True,1,1
21,B,HighReferenceStiffness,8,0.4,0.704,76,46.425,False,True,9,9
21,B,HighReferenceStiffness,9,0.4,0.688,72,81.69,True,False,0,7
21,B,HighReferenceStiffness,10,0.4,0.688,72,80.69,False,True,9,9
21,B,HighReferenceStiffness,11,0.4,0.672,68,96.592,False,True,4,4
21,B,HighReferenceStiffness,12,0.4,0.656,64,57.503,False,True,8,8
21,B,HighReferenceStiffness,13,0.4,0.64,60,102.68,False,False,9,0
21,B,HighReferenceStiffness,14,0.4,0.64,60,67.667,False,False,2,3
21,B,HighReferenceStiffness,15,0.4,0.656,64,57.761,False,True,6,6
21,B,HighReferenceStiffness,16,0.4,0.64,60,89.998,False,False,10,0
21,B,HighReferenceStiffness,17,0.4,0.64,60,62.042,False,True,6,6
21,B,HighReferenceStiffness,18,0.4,0.624,56,54.012,False,True,10,10
21,B,HighReferenceStiffness,19,0.4,0.608,52,41.371,False,True,5,5
21,B,HighReferenceStiffness,20,0.4,0.592,48,61.16,False,True,5,5
21,B,HighReferenceStiffness,21,0.4,0.576,44,49.95,False,True,6,6
21,B,HighReferenceStiffness,22,0.4,0.56,40,73.55,True,False,0,3
21,B,HighReferenceStiffness,23,0.4,0.56,40,78.682,True,True,0,0
21,B,HighReferenceStiffness,24,0.4,0.544,36,133.755,False,False,1,4
21,B,HighReferenceStiffness,25,0.4,0.544,36,33.291,False,True,8,8
21,B,HighReferenceStiffness,26,0.4,0.528,32,29.203,False,True,10,10
21,B,HighReferenceStiffness,27,0.4,0.512,28,23.571,False,True,1,1
21,B,HighReferenceStiffness,28,0.4,0.496,24,70.567,False,False,9,3
21,B,HighReferenceStiffness,29,0.4,0.496,24,86.524,False,False,6,7
21,B,HighReferenceStiffness,30,0.4,0.512,28,96.697,False,True,3,3
21,B,HighReferenceStiffness,31,0.4,0.496,24,97.278,False,False,4,7
21,B,HighReferenceStiffness,32,0.4,0.496,24,84.307,False,False,4,5
21,B,LowReferenceStiffness,1,0.1,0.2,100,48.722,False,True,6,6
21,B,LowReferenceStiffness,2,0.1,0.196,96,123.417,False,True,9,9
21,B,LowReferenceStiffness,3,0.1,0.192,92,48.607,False,True,7,7
21,B,LowReferenceStiffness,4,0.1,0.188,88,44.018,False,True,3,3
21,B,LowReferenceStiffness,5,0.1,0.184,84,155.502,False,False,10,8
21,B,LowReferenceStiffness,6,0.1,0.184,84,147.894,False,True,9,9
21,B,LowReferenceStiffness,7,0.1,0.18,80,38.704,False,True,8,8
21,B,LowReferenceStiffness,8,0.1,0.176,76,55.733,False,True,1,1
21,B,LowReferenceStiffness,9,0.1,0.172,72,52.724,False,True,6,6
21,B,LowReferenceStiffness,10,0.1,0.168,68,98.418,False,True,7,7
21,B,LowReferenceStiffness,11,0.1,0.164,64,99.471,False,True,4,4
21,B,LowReferenceStiffness,12,0.1,0.16,60,85.577,False,False,3,7
21,B,LowReferenceStiffness,13,0.1,0.16,60,64.9,False,True,5,5
21,B,LowReferenceStiffness,14,0.1,0.156,56,180.713,False,True,2,2
21,B,LowReferenceStiffness,15,0.1,0.152,52,99.395,False,False,9,4
21,B,LowReferenceStiffness,16,0.1,0.152,52,106.079,False,True,5,5
21,B,LowReferenceStiffness,17,0.1,0.148,48,111.956,False,False,6,3
21,B,LowReferenceStiffness,18,0.1,0.148,48,115.846,False,False,7,4
21,B,LowReferenceStiffness,19,0.1,0.152,52,93.09,False,True,8,8
21,B,LowReferenceStiffness,20,0.1,0.148,48,48.822,False,True,2,2
21,B,LowReferenceStiffness,21,0.1,0.144,44,86.983,False,True,4,4
21,B,LowReferenceStiffness,22,0.1,0.14,40,71.873,False,False,3,1
21,B,LowReferenceStiffness,23,0.1,0.14,40,85.033,False,False,10,3
21,B,LowReferenceStiffness,24,0.1,0.144,44,86.417,False,False,9,5
21,B,LowReferenceStiffness,25,0.1,0.144,44,129.416,False,False,9,4
21,B,LowReferenceStiffness,26,0.1,0.148,48,102.609,False,False,7,5
21,B,LowReferenceStiffness,27,0.1,0.148,48,121.427,False,True,3,3
21,B,LowReferenceStiffness,28,0.1,0.144,44,65.753,False,False,2,1
21,B,LowReferenceStiffness,29,0.1,0.144,44,75.461,False,False,4,9
22,A,HighReferenceStiffness,1,0.4,0.8,100,45.415,False,True,6,6
22,A,HighReferenceStiffness,2,0.4,0.784,96,39.016,False,True,8,8
22,A,HighReferenceStiffness,3,0.4,0.768,92,96.305,False,True,9,9
22,A,HighReferenceStiffness,4,0.4,0.752,88,72.056,False,True,10,10
22,A,HighReferenceStiffness,5,0.4,0.736,84,38.846,False,True,2,2
22,A,HighReferenceStiffness,6,0.4,0.72,80,20.969,False,True,8,8
22,A,HighReferenceStiffness,7,0.4,0.704,76,44.139,False,True,3,3
22,A,HighReferenceStiffness,8,0.4,0.688,72,27.161,False,True,4,4
22,A,HighReferenceStiffness,9,0.4,0.672,68,33.67,False,True,5,5
22,A,HighReferenceStiffness,10,0.4,0.656,64,46.926,False,True,1,1
22,A,HighReferenceStiffness,11,0.4,0.64,60,27.465,False,True,9,9
22,A,HighReferenceStiffness,12,0.4,0.624,56,45.549,False,True,4,4
22,A,HighReferenceStiffness,13,0.4,0.608,52,29.204,False,True,6,6
22,A,HighReferenceStiffness,14,0.4,0.592,48,28.323,False,True,8,8
22,A,HighReferenceStiffness,15,0.4,0.576,44,25.326,False,True,7,7
22,A,HighReferenceStiffness,16,0.4,0.56,40,30.686,False,True,7,7
22,A,HighReferenceStiffness,17,0.4,0.544,36,42.329,False,True,5,5
22,A,HighReferenceStiffness,18,0.4,0.528,32,33.47,False,True,3,3
22,A,HighReferenceStiffness,19,0.4,0.512,28,41.543,False,True,1,1
22,A,HighReferenceStiffness,20,0.4,0.496,24,58.614,False,False,9,0
22,A,HighReferenceStiffness,21,0.4,0.496,24,112.091,False,False,5,0
22,A,HighReferenceStiffness,22,0.4,0.512,28,25.757,False,True,6,6
22,A,HighReferenceStiffness,23,0.4,0.496,24,73.308,False,False,9,2
22,A,HighReferenceStiffness,24,0.4,0.496,24,81.165,False,True,4,4
22,A,HighReferenceStiffness,25,0.4,0.48,20,92.7,False,True,2,2
22,A,HighReferenceStiffness,26,0.4,0.464,16,108.024,False,False,2,7
22,A,HighReferenceStiffness,27,0.4,0.464,16,83.403,False,False,8,5
22,A,HighReferenceStiffness,28,0.4,0.48,20,35.129,False,True,2,2
22,A,HighReferenceStiffness,29,0.4,0.464,16,106.903,False,False,3,6
22,A,HighReferenceStiffness,30,0.4,0.464,16,75.335,False,False,1,5
22,A,LowReferenceStiffness,1,0.1,0.2,100,17.483,False,True,7,7
22,A,LowReferenceStiffness,2,0.1,0.196,96,93.45,True,False,0,5
22,A,LowReferenceStiffness,3,0.1,0.196,96,19.094,False,True,5,5
22,A,LowReferenceStiffness,4,0.1,0.192,92,61.888,False,True,2,2
22,A,LowReferenceStiffness,5,0.1,0.188,88,18.832,False,True,6,6
22,A,LowReferenceStiffness,6,0.1,0.184,84,20.311,False,True,8,8
22,A,LowReferenceStiffness,7,0.1,0.18,80,28.459,False,True,4,4
22,A,LowReferenceStiffness,8,0.1,0.176,76,26.613,False,True,9,9
22,A,LowReferenceStiffness,9,0.1,0.172,72,19.822,False,True,6,6
22,A,LowReferenceStiffness,10,0.1,0.168,68,55.534,False,True,1,1
22,A,LowReferenceStiffness,11,0.1,0.164,64,45.142,False,False,1,0
22,A,LowReferenceStiffness,12,0.1,0.164,64,37.303,False,True,3,3
22,A,LowReferenceStiffness,13,0.1,0.16,60,41.658,False,True,3,3
22,A,LowReferenceStiffness,14,0.1,0.156,56,33.068,False,True,3,3
22,A,LowReferenceStiffness,15,0.1,0.152,52,29.171,False,True,7,7
22,A,LowReferenceStiffness,16,0.1,0.148,48,14.221,False,True,9,9
22,A,LowReferenceStiffness,17,0.1,0.144,44,52.009,False,False,2,0
22,A,LowReferenceStiffness,18,0.1,0.144,44,24.408,False,True,8,8
22,A,LowReferenceStiffness,19,0.1,0.14,40,56.793,False,False,4,5
22,A,LowReferenceStiffness,20,0.1,0.14,40,59.001,False,True,3,3
22,A,LowReferenceStiffness,21,0.1,0.136,36,24.496,False,False,9,5
22,A,LowReferenceStiffness,22,0.1,0.136,36,56.576,False,False,10,0
22,A,LowReferenceStiffness,23,0.1,0.14,40,53.17,True,False,0,4
22,A,LowReferenceStiffness,24,0.1,0.14,40,51.896,False,False,6,8
22,A,LowReferenceStiffness,25,0.1,0.144,44,50.439,False,False,7,2
22,A,LowReferenceStiffness,26,0.1,0.144,44,58.719,False,False,10,2
22,A,LowReferenceStiffness,27,0.1,0.148,48,26.105,False,True,1,1
22,A,LowReferenceStiffness,28,0.1,0.144,44,52.986,False,False,10,0
22,A,LowReferenceStiffness,29,0.1,0.144,44,63.736,False,False,10,4
22,A,LowReferenceStiffness,30,0.1,0.148,48,29.173,True,False,0,10
22,A,LowReferenceStiffness,31,0.1,0.148,48,24.085,False,True,8,8
22,A,LowReferenceStiffness,32,0.1,0.144,44,36.53,False,False,6,3
22,A,LowReferenceStiffness,33,0.1,0.144,44,49.209,False,True,2,2
22,A,LowReferenceStiffness,34,0.1,0.14,40,24.244,False,False,6,0
22,A,LowReferenceStiffness,35,0.1,0.14,40,48.235,False,True,6,6
22,A,LowReferenceStiffness,36,0.1,0.136,36,29.605,False,False,1,0
22,A,LowReferenceStiffness,37,0.1,0.136,36,41.634,False,True,4,4
22,A,LowReferenceStiffness,38,0.1,0.132,32,24.39,False,False,3,0
22,A,LowReferenceStiffness,39,0.1,0.132,32,39.226,False,True,6,6
22,A,LowReferenceStiffness,40,0.1,0.128,28,39.904,False,True,2,2
22,A,LowReferenceStiffness,41,0.1,0.124,24,36.46,False,False,4,0
22,A,LowReferenceStiffness,42,0.1,0.124,24,47.773,False,False,1,2
23,B,HighReferenceStiffness,1,0.4,0.8,100,21.502,False,True,7,7
23,B,HighReferenceStiffness,2,0.4,0.784,96,13.717,False,True,8,8
23,B,HighReferenceStiffness,3,0.4,0.768,92,12.987,False,True,5,5
23,B,HighReferenceStiffness,4,0.4,0.752,88,26.198,False,True,3,3
23,B,HighReferenceStiffness,5,0.4,0.736,84,10.296,False,True,10,10
23,B,HighReferenceStiffness,6,0.4,0.72,80,12.969,False,True,4,4
23,B,HighReferenceStiffness,7,0.4,0.704,76,17.677,False,True,5,5
23,B,HighReferenceStiffness,8,0.4,0.688,72,26.22,False,True,2,2
23,B,HighReferenceStiffness,9,0.4,0.672,68,11.942,False,True,6,6
23,B,HighReferenceStiffness,10,0.4,0.656,64,10.431,False,True,7,7
23,B,HighReferenceStiffness,11,0.4,0.64,60,12.554,False,True,4,4
23,B,HighReferenceStiffness,12,0.4,0.624,56,15.423,False,True,2,2
23,B,HighReferenceStiffness,13,0.4,0.608,52,22.087,False,True,2,2
23,B,HighReferenceStiffness,14,0.4,0.592,48,12.095,False,True,6,6
23,B,HighReferenceStiffness,15,0.4,0.576,44,13.839,False,True,5,5
23,B,HighReferenceStiffness,16,0.4,0.56,40,17.8,False,True,9,9
23,B,HighReferenceStiffness,17,0.4,0.544,36,8.594,False,True,10,10
23,B,HighReferenceStiffness,18,0.4,0.528,32,16.115,False,True,10,10
23,B,HighReferenceStiffness,19,0.4,0.512,28,17.552,False,True,9,9
23,B,HighReferenceStiffness,20,0.4,0.496,24,46.558,False,True,1,1
23,B,HighReferenceStiffness,21,0.4,0.48,20,40.286,True,False,0,5
23,B,HighReferenceStiffness,22,0.4,0.48,20,28.822,False,True,2,2
23,B,HighReferenceStiffness,23,0.4,0.464,16,33.161,False,False,10,0
23,B,HighReferenceStiffness,24,0.4,0.464,16,57.395,False,False,1,8
23,B,HighReferenceStiffness,25,0.4,0.48,20,34.366,False,False,1,2
23,B,HighReferenceStiffness,26,0.4,0.48,20,81.671,False,False,5,6
23,B,HighReferenceStiffness,27,0.4,0.496,24,65.937,False,False,1,5
23,B,HighReferenceStiffness,28,0.4,0.496,24,71.943,False,False,7,3
23,B,HighReferenceStiffness,29,0.4,0.512,28,12.988,False,False,5,9
23,B,HighReferenceStiffness,30,0.4,0.512,28,64.239,False,True,3,3
23,B,HighReferenceStiffness,31,0.4,0.496,24,53.261,False,True,4,4
23,B,HighReferenceStiffness,32,0.4,0.48,20,27.801,False,False,6,5
23,B,HighReferenceStiffness,33,0.4,0.48,20,73.755,False,False,7,3
23,B,HighReferenceStiffness,34,0.4,0.496,24,70.0,False,True,1,1
23,B,HighReferenceStiffness,35,0.4,0.48,20,31.654,False,False,7,5
23,B,HighReferenceStiffness,36,0.4,0.48,20,25.815,False,True,3,3
23,B,HighReferenceStiffness,37,0.4,0.464,16,67.597,False,False,1,5
23,B,HighReferenceStiffness,38,0.4,0.464,16,55.601,False,False,1,10
23,B,LowReferenceStiffness,1,0.1,0.2,100,44.833,False,True,3,3
23,B,LowReferenceStiffness,2,0.1,0.196,96,120.024,False,True,10,10
23,B,LowReferenceStiffness,3,0.1,0.192,92,44.525,False,True,1,1
23,B,LowReferenceStiffness,4,0.1,0.188,88,21.815,False,True,8,8
23,B,LowReferenceStiffness,5,0.1,0.184,84,42.826,False,True,10,10
23,B,LowReferenceStiffness,6,0.1,0.18,80,169.04,False,True,1,1
23,B,LowReferenceStiffness,7,0.1,0.176,76,184.453,False,True,9,9
23,B,LowReferenceStiffness,8,0.1,0.172,72,164.45,True,True,0,0
23,B,LowReferenceStiffness,9,0.1,0.168,68,83.929,False,True,1,1
23,B,LowReferenceStiffness,10,0.1,0.164,64,139.954,False,True,3,3
23,B,LowReferenceStiffness,11,0.1,0.16,60,41.597,False,True,1,1
23,B,LowReferenceStiffness,12,0.1,0.156,56,54.238,False,True,9,9
23,B,LowReferenceStiffness,13,0.1,0.152,52,37.711,False,True,3,3
23,B,LowReferenceStiffness,14,0.1,0.148,48,96.212,False,True,1,1
23,B,LowReferenceStiffness,15,0.1,0.144,44,98.814,False,False,10,9
23,B,LowReferenceStiffness,16,0.1,0.144,44,246.511,False,True,1,1
23,B,LowReferenceStiffness,17,0.1,0.14,40,99.789,False,True,3,3
23,B,LowReferenceStiffness,18,0.1,0.136,36,167.151,False,True,4,4
23,B,LowReferenceStiffness,19,0.1,0.132,32,81.89,False,True,1,1
23,B,LowReferenceStiffness,20,0.1,0.128,28,58.532,False,True,5,5
23,B,LowReferenceStiffness,21,0.1,0.124,24,104.62,False,False,2,0
23,B,LowReferenceStiffness,22,0.1,0.124,24,123.983,False,True,9,9
23,B,LowReferenceStiffness,23,0.1,0.12,20,103.836,False,False,2,3
23,B,LowReferenceStiffness,24,0.1,0.12,20,132.942,False,True,6,6
23,B,LowReferenceStiffness,25,0.1,0.116,16,41.506,False,True,5,5
23,B,LowReferenceStiffness,26,0.1,0.112,12,33.846,False,False,3,9
23,B,LowReferenceStiffness,27,0.1,0.112,12,50.362,False,False,10,4
23,B,LowReferenceStiffness,28,0.1,0.116,16,44.189,False,False,6,0
23,B,LowReferenceStiffness,29,0.1,0.116,16,33.685,False,True,4,4
23,B,LowReferenceStiffness,30,0.1,0.112,12,62.079,False,True,5,5
23,B,LowReferenceStiffness,31,0.1,0.108,8,32.201,False,False,10,8
23,B,LowReferenceStiffness,32,0.1,0.108,8,69.954,False,False,2,6
23,B,LowReferenceStiffness,33,0.1,0.112,12,35.92,False,True,2,2
23,B,LowReferenceStiffness,34,0.1,0.108,8,90.889,False,True,6,6
23,B,LowReferenceStiffness,35,0.1,0.104,4,33.665,True,False,0,8
23,B,LowReferenceStiffness,36,0.1,0.104,4,34.813,False,False,1,3
24,A,HighReferenceStiffness,1,0.4,0.8,100,62.843,False,True,6,6
24,A,HighReferenceStiffness,2,0.4,0.784,96,36.331,False,True,3,3
24,A,HighReferenceStiffness,3,0.4,0.768,92,37.381,False,False,8,7
24,A,HighReferenceStiffness,4,0.4,0.768,92,48.321,False,True,8,8
24,A,HighReferenceStiffness,5,0.4,0.752,88,38.777,False,True,2,2
24,A,HighReferenceStiffness,6,0.4,0.736,84,29.629,False,True,1,1
24,A,HighReferenceStiffness,7,0.4,0.72,80,34.855,False,True,6,6
24,A,HighReferenceStiffness,8,0.4,0.704,76,44.88,False,True,9,9
24,A,HighReferenceStiffness,9,0.4,0.688,72,46.704,False,True,6,6
24,A,HighReferenceStiffness,10,0.4,0.672,68,43.494,False,True,5,5
24,A,HighReferenceStiffness,11,0.4,0.656,64,36.989,False,True,6,6
24,A,HighReferenceStiffness,12,0.4,0.64,60,40.755,False,True,1,1
24,A,HighReferenceStiffness,13,0.4,0.624,56,38.613,False,True,4,4
24,A,HighReferenceStiffness,14,0.4,0.608,52,43.548,False,True,8,8
24,A,HighReferenceStiffness,15,0.4,0.592,48,73.316,False,True,8,8
24,A,HighReferenceStiffness,16,0.4,0.576,44,42.31,False,True,4,4
24,A,HighReferenceStiffness,17,0.4,0.56,40,34.458,False,True,5,5
24,A,HighReferenceStiffness,18,0.4,0.544,36,40.859,False,True,3,3
24,A,HighReferenceStiffness,19,0.4,0.528,32,37.662,False,True,6,6
24,A,HighReferenceStiffness,20,0.4,0.512,28,30.945,False,True,5,5
24,A,HighReferenceStiffness,21,0.4,0.496,24,65.66,False,False,1,0
24,A,HighReferenceStiffness,22,0.4,0.496,24,113.592,False,False,5,0
24,A,HighReferenceStiffness,23,0.4,0.512,28,40.69,False,True,9,9
24,A,HighReferenceStiffness,24,0.4,0.496,24,74.149,False,False,2,1
24,A,HighReferenceStiffness,25,0.4,0.496,24,80.802,False,True,7,7
24,A,HighReferenceStiffness,26,0.4,0.48,20,204.676,False,False,4,0
24,A,HighReferenceStiffness,27,0.4,0.48,20,286.936,False,False,5,0
24,A,HighReferenceStiffness,28,0.4,0.496,24,97.945,False,True,4,4
24,A,HighReferenceStiffness,29,0.4,0.48,20,52.808,False,False,2,4
24,A,HighReferenceStiffness,30,0.4,0.48,20,121.475,False,False,10,0
24,A,LowReferenceStiffness,1,0.1,0.2,100,42.524,False,True,3,3
24,A,LowReferenceStiffness,2,0.1,0.196,96,50.056,False,True,4,4
24,A,LowReferenceStiffness,3,0.1,0.192,92,30.241,False,True,8,8
24,A,LowReferenceStiffness,4,0.1,0.188,88,61.789,True,True,0,0
24,A,LowReferenceStiffness,5,0.1,0.184,84,26.213,False,True,3,3
24,A,LowReferenceStiffness,6,0.1,0.18,80,48.82,False,True,1,1
24,A,LowReferenceStiffness,7,0.1,0.176,76,41.829,False,True,5,5
24,A,LowReferenceStiffness,8,0.1,0.172,72,42.197,False,True,8,8
24,A,LowReferenceStiffness,9,0.1,0.168,68,38.373,False,True,5,5
24,A,LowReferenceStiffness,10,0.1,0.164,64,60.943,False,True,10,10
24,A,LowReferenceStiffness,11,0.1,0.16,60,48.117,False,True,9,9
24,A,LowReferenceStiffness,12,0.1,0.156,56,97.372,False,True,5,5
24,A,LowReferenceStiffness,13,0.1,0.152,52,66.735,False,True,8,8
24,A,LowReferenceStiffness,14,0.1,0.148,48,35.56,False,True,2,2
24,A,LowReferenceStiffness,15,0.1,0.144,44,61.192,False,True,6,6
24,A,LowReferenceStiffness,16,0.1,0.14,40,115.216,False,True,9,9
24,A,LowReferenceStiffness,17,0.1,0.136,36,46.876,False,False,4,5
24,A,LowReferenceStiffness,18,0.1,0.136,36,73.001,False,True,3,3
24,A,LowReferenceStiffness,19,0.1,0.132,32,31.375,False,True,10,10
24,A,LowReferenceStiffness,20,0.1,0.128,28,74.247,False,False,8,0
24,A,LowReferenceStiffness,21,0.1,0.128,28,53.253,False,True,5,5
24,A,LowReferenceStiffness,22,0.1,0.124,24,60.27,False,False,4,0
24,A,LowReferenceStiffness,23,0.1,0.124,24,57.105,False,False,6,0
24,A,LowReferenceStiffness,24,0.1,0.128,28,45.616,False,True,2,2
24,A,LowReferenceStiffness,25,0.1,0.124,24,49.297,False,True,3,3
24,A,LowReferenceStiffness,26,0.1,0.12,20,59.471,False,False,6,0
24,A,LowReferenceStiffness,27,0.1,0.12,20,46.974,True,True,0,0
24,A,LowReferenceStiffness,28,0.1,0.116,16,85.908,False,False,8,9
24,A,LowReferenceStiffness,29,0.1,0.116,16,58.652,False,False,1,0
24,A,LowReferenceStiffness,30,0.1,0.12,20,62.471,False,False,5,6
24,A,LowReferenceStiffness,31,0.1,0.12,20,99.743,False,False,7,0
24,A,LowReferenceStiffness,32,0.1,0.124,24,77.449,False,True,3,3
24,A,LowReferenceStiffness,33,0.1,0.12,20,98.276,False,False,5,10
24,A,LowReferenceStiffness,34,0.1,0.12,20,117.609,False,False,6,10
